function,eta,alpha,alpha_pull,num_workers,beta,num_epochs,final_loss,best_loss,converged,elapsed_s
rosenbrock,0.001,0.0,0.0,4,3.0,10000,409.0,409.0,0,0.212
rosenbrock,0.001,0.0,0.2,4,3.0,10000,409.0,409.0,0,0.228
rosenbrock,0.001,0.0,0.4,4,3.0,10000,409.0,409.0,0,0.19
rosenbrock,0.001,0.0,0.6,4,3.0,10000,409.0,409.0,0,0.199
rosenbrock,0.001,0.0,0.8,4,3.0,10000,409.0,409.0,0,0.207
rosenbrock,0.001,0.0,1.0,4,3.0,10000,409.0,409.0,0,0.193
rosenbrock,0.001,0.2,0.0,4,3.0,10000,0.00016582,0.00016582,1,0.208
rosenbrock,0.001,0.2,0.2,4,3.0,10000,0.0091726,0.0091726,0,0.192
rosenbrock,0.001,0.2,0.4,4,3.0,10000,0.04530573,0.04530573,0,0.205
rosenbrock,0.001,0.2,0.6,4,3.0,10000,0.13050415,0.13050415,0,0.184
rosenbrock,0.001,0.2,0.8,4,3.0,10000,0.32122358,0.32122358,0,0.21
rosenbrock,0.001,0.2,1.0,4,3.0,10000,0.84381462,0.84381462,0,0.197
rosenbrock,0.001,0.4,0.0,4,3.0,10000,0.00014865,0.00014865,1,0.218
rosenbrock,0.001,0.4,0.2,4,3.0,10000,0.03565323,0.00372532,0,0.213
rosenbrock,0.001,0.4,0.4,4,3.0,10000,0.00845628,0.00845628,0,0.203
rosenbrock,0.001,0.4,0.6,4,3.0,10000,0.02069685,0.02069685,0,0.192
rosenbrock,0.001,0.4,0.8,4,3.0,10000,0.04237763,0.04237763,0,0.184
rosenbrock,0.001,0.4,1.0,4,3.0,10000,0.07591861,0.07591861,0,0.219
rosenbrock,0.001,0.6,0.0,4,3.0,10000,0.00014352,0.00014352,1,0.185
rosenbrock,0.001,0.6,0.2,4,3.0,10000,0.00126295,0.00126295,0,0.196
rosenbrock,0.001,0.6,0.4,4,3.0,10000,0.00328041,0.00328041,0,0.196
rosenbrock,0.001,0.6,0.6,4,3.0,10000,0.008286,0.008286,0,0.2
rosenbrock,0.001,0.6,0.8,4,3.0,10000,0.01502651,0.01502651,0,0.204
rosenbrock,0.001,0.6,1.0,4,3.0,10000,0.02613211,0.02613211,0,0.223
rosenbrock,0.001,0.8,0.0,4,3.0,10000,0.00014106,0.00014106,1,0.196
rosenbrock,0.001,0.8,0.2,4,3.0,10000,0.00074477,0.00074477,1,0.203
rosenbrock,0.001,0.8,0.4,4,3.0,10000,0.01925797,0.00415607,0,0.186
rosenbrock,0.001,0.8,0.6,4,3.0,10000,0.00417135,0.00417135,0,0.205
rosenbrock,0.001,0.8,0.8,4,3.0,10000,0.00818319,0.00818319,0,0.188
rosenbrock,0.001,0.8,1.0,4,3.0,10000,0.01267452,0.01267452,0,0.198
rosenbrock,0.001,1.0,0.0,4,3.0,10000,0.00013961,0.00013961,1,0.191
rosenbrock,0.001,1.0,0.2,4,3.0,10000,0.00056697,0.00056697,1,0.186
rosenbrock,0.001,1.0,0.4,4,3.0,10000,0.00265898,0.00265898,0,0.216
rosenbrock,0.001,1.0,0.6,4,3.0,10000,0.00255809,0.00255809,0,0.18
rosenbrock,0.001,1.0,0.8,4,3.0,10000,0.0047682,0.0047682,0,0.204
rosenbrock,0.001,1.0,1.0,4,3.0,10000,0.08426749,0.00913245,0,0.207
rosenbrock,0.001,0.0,0.0,4,4.25,10000,409.0,409.0,0,0.212
rosenbrock,0.001,0.0,0.2,4,4.25,10000,409.0,409.0,0,0.183
rosenbrock,0.001,0.0,0.4,4,4.25,10000,409.0,409.0,0,0.193
rosenbrock,0.001,0.0,0.6,4,4.25,10000,409.0,409.0,0,0.209
rosenbrock,0.001,0.0,0.8,4,4.25,10000,409.0,409.0,0,0.186
rosenbrock,0.001,0.0,1.0,4,4.25,10000,409.0,409.0,0,0.252
rosenbrock,0.001,0.2,0.0,4,4.25,10000,0.00016581,0.00016581,1,0.221
rosenbrock,0.001,0.2,0.2,4,4.25,10000,0.00913226,0.00913226,0,0.212
rosenbrock,0.001,0.2,0.4,4,4.25,10000,0.04533413,0.04533413,0,0.196
rosenbrock,0.001,0.2,0.6,4,4.25,10000,0.13075343,0.13075343,0,0.186
rosenbrock,0.001,0.2,0.8,4,4.25,10000,0.32214801,0.32214801,0,0.211
rosenbrock,0.001,0.2,1.0,4,4.25,10000,0.8531657,0.8531657,0,0.187
rosenbrock,0.001,0.4,0.0,4,4.25,10000,0.00014864,0.00014864,1,0.222
rosenbrock,0.001,0.4,0.2,4,4.25,10000,0.03386105,0.00320429,0,0.174
rosenbrock,0.001,0.4,0.4,4,4.25,10000,0.00841331,0.00841331,0,0.192
rosenbrock,0.001,0.4,0.6,4,4.25,10000,0.02070043,0.02070043,0,0.222
rosenbrock,0.001,0.4,0.8,4,4.25,10000,0.04239935,0.04239935,0,0.184
rosenbrock,0.001,0.4,1.0,4,4.25,10000,0.07601309,0.07601309,0,0.224
rosenbrock,0.001,0.6,0.0,4,4.25,10000,0.00014351,0.00014351,1,0.192
rosenbrock,0.001,0.6,0.2,4,4.25,10000,0.00125911,0.00125911,0,0.208
rosenbrock,0.001,0.6,0.4,4,4.25,10000,0.00326788,0.00326788,0,0.184
rosenbrock,0.001,0.6,0.6,4,4.25,10000,0.00823474,0.00823474,0,0.193
rosenbrock,0.001,0.6,0.8,4,4.25,10000,0.01502553,0.01502553,0,0.2
rosenbrock,0.001,0.6,1.0,4,4.25,10000,0.02613478,0.02613478,0,0.198
rosenbrock,0.001,0.8,0.0,4,4.25,10000,0.00014105,0.00014105,1,0.236
rosenbrock,0.001,0.8,0.2,4,4.25,10000,0.00073928,0.00073928,1,0.172
rosenbrock,0.001,0.8,0.4,4,4.25,10000,0.01397795,0.00407219,0,0.19
rosenbrock,0.001,0.8,0.6,4,4.25,10000,0.00415302,0.00415302,0,0.198
rosenbrock,0.001,0.8,0.8,4,4.25,10000,0.00813046,0.00813046,0,0.195
rosenbrock,0.001,0.8,1.0,4,4.25,10000,0.01267258,0.01267258,0,0.277
rosenbrock,0.001,1.0,0.0,4,4.25,10000,0.0001396,0.0001396,1,0.23
rosenbrock,0.001,1.0,0.2,4,4.25,10000,0.00056335,0.00056335,1,0.213
rosenbrock,0.001,1.0,0.4,4,4.25,10000,0.00267814,0.00267814,0,0.238
rosenbrock,0.001,1.0,0.6,4,4.25,10000,0.00254759,0.00254759,0,0.237
rosenbrock,0.001,1.0,0.8,4,4.25,10000,0.00474682,0.00474682,0,0.204
rosenbrock,0.001,1.0,1.0,4,4.25,10000,0.03293612,0.01493881,0,0.233
rosenbrock,0.001,0.0,0.0,4,5.5,10000,409.0,409.0,0,0.205
rosenbrock,0.001,0.0,0.2,4,5.5,10000,409.0,409.0,0,0.19
rosenbrock,0.001,0.0,0.4,4,5.5,10000,409.0,409.0,0,0.205
rosenbrock,0.001,0.0,0.6,4,5.5,10000,409.0,409.0,0,0.222
rosenbrock,0.001,0.0,0.8,4,5.5,10000,409.0,409.0,0,0.21
rosenbrock,0.001,0.0,1.0,4,5.5,10000,409.0,409.0,0,0.211
rosenbrock,0.001,0.2,0.0,4,5.5,10000,0.00016581,0.00016581,1,0.217
rosenbrock,0.001,0.2,0.2,4,5.5,10000,0.00910125,0.00910125,0,0.197
rosenbrock,0.001,0.2,0.4,4,5.5,10000,0.04534761,0.04534761,0,0.207
rosenbrock,0.001,0.2,0.6,4,5.5,10000,0.13082412,0.13082412,0,0.202
rosenbrock,0.001,0.2,0.8,4,5.5,10000,0.32254523,0.32254523,0,0.196
rosenbrock,0.001,0.2,1.0,4,5.5,10000,0.85590607,0.85590607,0,0.218
rosenbrock,0.001,0.4,0.0,4,5.5,10000,0.00014864,0.00014864,1,0.198
rosenbrock,0.001,0.4,0.2,4,5.5,10000,0.02115746,0.00334033,0,0.254
rosenbrock,0.001,0.4,0.4,4,5.5,10000,0.0083792,0.0083792,0,0.195
rosenbrock,0.001,0.4,0.6,4,5.5,10000,0.0206989,0.0206989,0,0.193
rosenbrock,0.001,0.4,0.8,4,5.5,10000,0.04239978,0.04239978,0,0.222
rosenbrock,0.001,0.4,1.0,4,5.5,10000,0.07602209,0.07602209,0,0.183
rosenbrock,0.001,0.6,0.0,4,5.5,10000,0.00014351,0.00014351,1,0.21
rosenbrock,0.001,0.6,0.2,4,5.5,10000,0.00123622,0.00123622,0,0.206
rosenbrock,0.001,0.6,0.4,4,5.5,10000,0.00325814,0.00325814,0,0.238
rosenbrock,0.001,0.6,0.6,4,5.5,10000,0.00819806,0.00819806,0,0.25
rosenbrock,0.001,0.6,0.8,4,5.5,10000,0.01502189,0.01502189,0,0.216
rosenbrock,0.001,0.6,1.0,4,5.5,10000,0.0261285,0.0261285,0,0.349
rosenbrock,0.001,0.8,0.0,4,5.5,10000,0.00014105,0.00014105,1,0.319
rosenbrock,0.001,0.8,0.2,4,5.5,10000,0.00073487,0.00073487,1,0.239
rosenbrock,0.001,0.8,0.4,4,5.5,10000,0.01873469,0.00328407,0,0.215
rosenbrock,0.001,0.8,0.6,4,5.5,10000,0.00413796,0.00413796,0,0.211
rosenbrock,0.001,0.8,0.8,4,5.5,10000,0.00808891,0.00808891,0,0.221
rosenbrock,0.001,0.8,1.0,4,5.5,10000,0.01266873,0.01266873,0,0.222
rosenbrock,0.001,1.0,0.0,4,5.5,10000,0.0001396,0.0001396,1,0.247
rosenbrock,0.001,1.0,0.2,4,5.5,10000,0.00056031,0.00056031,1,0.324
rosenbrock,0.001,1.0,0.4,4,5.5,10000,0.0027844,0.0027844,0,0.207
rosenbrock,0.001,1.0,0.6,4,5.5,10000,0.0025395,0.0025395,0,0.239
rosenbrock,0.001,1.0,0.8,4,5.5,10000,0.00472777,0.00472777,0,0.199
rosenbrock,0.001,1.0,1.0,4,5.5,10000,0.03731455,0.01270735,0,0.205
rosenbrock,0.001,0.0,0.0,4,6.75,10000,409.0,409.0,0,0.211
rosenbrock,0.001,0.0,0.2,4,6.75,10000,409.0,409.0,0,0.293
rosenbrock,0.001,0.0,0.4,4,6.75,10000,409.0,409.0,0,0.239
rosenbrock,0.001,0.0,0.6,4,6.75,10000,409.0,409.0,0,0.206
rosenbrock,0.001,0.0,0.0,4,3.0,10000,409.0,409.0,0,0.257
rosenbrock,0.001,0.0,0.2,4,3.0,10000,409.0,409.0,0,0.225
rosenbrock,0.001,0.0,0.4,4,3.0,10000,409.0,409.0,0,0.192
rosenbrock,0.001,0.0,0.6,4,3.0,10000,409.0,409.0,0,0.199
rosenbrock,0.001,0.0,0.8,4,3.0,10000,409.0,409.0,0,0.197
rosenbrock,0.001,0.0,1.0,4,3.0,10000,409.0,409.0,0,0.218
rosenbrock,0.001,0.2,0.0,4,3.0,10000,0.00016582,0.00016582,1,0.193
rosenbrock,0.001,0.2,0.2,4,3.0,10000,0.0091726,0.0091726,0,0.193
rosenbrock,0.001,0.2,0.4,4,3.0,10000,0.04530573,0.04530573,0,0.212
rosenbrock,0.001,0.2,0.6,4,3.0,10000,0.13050415,0.13050415,0,0.189
rosenbrock,0.001,0.2,0.8,4,3.0,10000,0.32122358,0.32122358,0,0.21
rosenbrock,0.001,0.2,1.0,4,3.0,10000,0.84381462,0.84381462,0,0.183
rosenbrock,0.001,0.4,0.0,4,3.0,10000,0.00014865,0.00014865,1,0.199
rosenbrock,0.001,0.4,0.2,4,3.0,10000,0.03565323,0.00372532,0,0.202
rosenbrock,0.001,0.4,0.4,4,3.0,10000,0.00845628,0.00845628,0,0.202
rosenbrock,0.001,0.4,0.6,4,3.0,10000,0.02069685,0.02069685,0,0.205
rosenbrock,0.001,0.4,0.8,4,3.0,10000,0.04237763,0.04237763,0,0.195
rosenbrock,0.001,0.4,1.0,4,3.0,10000,0.07591861,0.07591861,0,0.214
rosenbrock,0.001,0.6,0.0,4,3.0,10000,0.00014352,0.00014352,1,0.202
rosenbrock,0.001,0.6,0.2,4,3.0,10000,0.00126295,0.00126295,0,0.2
rosenbrock,0.001,0.6,0.4,4,3.0,10000,0.00328041,0.00328041,0,0.207
rosenbrock,0.001,0.6,0.6,4,3.0,10000,0.008286,0.008286,0,0.191
rosenbrock,0.001,0.6,0.8,4,3.0,10000,0.01502651,0.01502651,0,0.213
rosenbrock,0.001,0.6,1.0,4,3.0,10000,0.02613211,0.02613211,0,0.228
rosenbrock,0.001,0.8,0.0,4,3.0,10000,0.00014106,0.00014106,1,0.217
rosenbrock,0.001,0.8,0.2,4,3.0,10000,0.00074477,0.00074477,1,0.213
rosenbrock,0.001,0.8,0.4,4,3.0,10000,0.01925797,0.00415607,0,0.212
rosenbrock,0.001,0.8,0.6,4,3.0,10000,0.00417135,0.00417135,0,0.186
rosenbrock,0.001,0.8,0.8,4,3.0,10000,0.00818319,0.00818319,0,0.23
rosenbrock,0.001,0.8,1.0,4,3.0,10000,0.01267452,0.01267452,0,0.209
rosenbrock,0.001,1.0,0.0,4,3.0,10000,0.00013961,0.00013961,1,0.187
rosenbrock,0.001,1.0,0.2,4,3.0,10000,0.00056697,0.00056697,1,0.215
rosenbrock,0.001,1.0,0.4,4,3.0,10000,0.00265898,0.00265898,0,0.192
rosenbrock,0.001,1.0,0.6,4,3.0,10000,0.00255809,0.00255809,0,0.204
rosenbrock,0.001,1.0,0.8,4,3.0,10000,0.0047682,0.0047682,0,0.196
rosenbrock,0.001,1.0,1.0,4,3.0,10000,0.08426749,0.00913245,0,0.198
rosenbrock,0.001,0.0,0.0,4,4.25,10000,409.0,409.0,0,0.198
rosenbrock,0.001,0.0,0.2,4,4.25,10000,409.0,409.0,0,0.194
rosenbrock,0.001,0.0,0.4,4,4.25,10000,409.0,409.0,0,0.215
rosenbrock,0.001,0.0,0.6,4,4.25,10000,409.0,409.0,0,0.195
rosenbrock,0.001,0.0,0.8,4,4.25,10000,409.0,409.0,0,0.204
rosenbrock,0.001,0.0,1.0,4,4.25,10000,409.0,409.0,0,0.195
rosenbrock,0.001,0.2,0.0,4,4.25,10000,0.00016581,0.00016581,1,0.199
rosenbrock,0.001,0.2,0.2,4,4.25,10000,0.00913226,0.00913226,0,0.205
rosenbrock,0.001,0.2,0.4,4,4.25,10000,0.04533413,0.04533413,0,0.195
rosenbrock,0.001,0.2,0.6,4,4.25,10000,0.13075343,0.13075343,0,0.212
rosenbrock,0.001,0.2,0.8,4,4.25,10000,0.32214801,0.32214801,0,0.201
rosenbrock,0.001,0.2,1.0,4,4.25,10000,0.8531657,0.8531657,0,0.191
rosenbrock,0.001,0.4,0.0,4,4.25,10000,0.00014864,0.00014864,1,0.251
rosenbrock,0.001,0.4,0.2,4,4.25,10000,0.03386105,0.00320429,0,0.168
rosenbrock,0.001,0.4,0.4,4,4.25,10000,0.00841331,0.00841331,0,0.206
rosenbrock,0.001,0.4,0.6,4,4.25,10000,0.02070043,0.02070043,0,0.198
rosenbrock,0.001,0.4,0.8,4,4.25,10000,0.04239935,0.04239935,0,0.194
rosenbrock,0.001,0.4,1.0,4,4.25,10000,0.07601309,0.07601309,0,0.199
rosenbrock,0.001,0.6,0.0,4,4.25,10000,0.00014351,0.00014351,1,0.211
rosenbrock,0.001,0.6,0.2,4,4.25,10000,0.00125911,0.00125911,0,0.248
rosenbrock,0.001,0.6,0.4,4,4.25,10000,0.00326788,0.00326788,0,0.202
rosenbrock,0.001,0.6,0.6,4,4.25,10000,0.00823474,0.00823474,0,0.209
rosenbrock,0.001,0.6,0.8,4,4.25,10000,0.01502553,0.01502553,0,0.194
rosenbrock,0.001,0.6,1.0,4,4.25,10000,0.02613478,0.02613478,0,0.212
rosenbrock,0.001,0.8,0.0,4,4.25,10000,0.00014105,0.00014105,1,0.212
rosenbrock,0.001,0.8,0.2,4,4.25,10000,0.00073928,0.00073928,1,0.188
rosenbrock,0.001,0.8,0.4,4,4.25,10000,0.01397795,0.00407219,0,0.199
rosenbrock,0.001,0.8,0.6,4,4.25,10000,0.00415302,0.00415302,0,0.211
rosenbrock,0.001,0.8,0.8,4,4.25,10000,0.00813046,0.00813046,0,0.203
rosenbrock,0.001,0.8,1.0,4,4.25,10000,0.01267258,0.01267258,0,0.209
rosenbrock,0.001,1.0,0.0,4,4.25,10000,0.0001396,0.0001396,1,0.198
rosenbrock,0.001,1.0,0.2,4,4.25,10000,0.00056335,0.00056335,1,0.195
rosenbrock,0.001,1.0,0.4,4,4.25,10000,0.00267814,0.00267814,0,0.199
rosenbrock,0.001,1.0,0.6,4,4.25,10000,0.00254759,0.00254759,0,0.222
rosenbrock,0.001,1.0,0.8,4,4.25,10000,0.00474682,0.00474682,0,0.176
rosenbrock,0.001,1.0,1.0,4,4.25,10000,0.03293612,0.01493881,0,0.231
rosenbrock,0.001,0.0,0.0,4,5.5,10000,409.0,409.0,0,0.239
rosenbrock,0.001,0.0,0.2,4,5.5,10000,409.0,409.0,0,0.205
rosenbrock,0.001,0.0,0.4,4,5.5,10000,409.0,409.0,0,0.209
rosenbrock,0.001,0.0,0.6,4,5.5,10000,409.0,409.0,0,0.219
rosenbrock,0.001,0.0,0.8,4,5.5,10000,409.0,409.0,0,0.201
rosenbrock,0.001,0.0,1.0,4,5.5,10000,409.0,409.0,0,0.19
rosenbrock,0.001,0.2,0.0,4,5.5,10000,0.00016581,0.00016581,1,0.198
rosenbrock,0.001,0.2,0.2,4,5.5,10000,0.00910125,0.00910125,0,0.197
rosenbrock,0.001,0.2,0.4,4,5.5,10000,0.04534761,0.04534761,0,0.197
rosenbrock,0.001,0.2,0.6,4,5.5,10000,0.13082412,0.13082412,0,0.19
rosenbrock,0.001,0.2,0.8,4,5.5,10000,0.32254523,0.32254523,0,0.213
rosenbrock,0.001,0.2,1.0,4,5.5,10000,0.85590607,0.85590607,0,0.211
rosenbrock,0.001,0.4,0.0,4,5.5,10000,0.00014864,0.00014864,1,0.196
rosenbrock,0.001,0.4,0.2,4,5.5,10000,0.02115746,0.00334033,0,0.196
rosenbrock,0.001,0.4,0.4,4,5.5,10000,0.0083792,0.0083792,0,0.195
rosenbrock,0.001,0.4,0.6,4,5.5,10000,0.0206989,0.0206989,0,0.199
rosenbrock,0.001,0.4,0.8,4,5.5,10000,0.04239978,0.04239978,0,0.193
rosenbrock,0.001,0.4,1.0,4,5.5,10000,0.07602209,0.07602209,0,0.211
rosenbrock,0.001,0.6,0.0,4,5.5,10000,0.00014351,0.00014351,1,0.209
rosenbrock,0.001,0.6,0.2,4,5.5,10000,0.00123622,0.00123622,0,0.193
rosenbrock,0.001,0.6,0.4,4,5.5,10000,0.00325814,0.00325814,0,0.201
rosenbrock,0.001,0.6,0.6,4,5.5,10000,0.00819806,0.00819806,0,0.193
rosenbrock,0.001,0.6,0.8,4,5.5,10000,0.01502189,0.01502189,0,0.212
rosenbrock,0.001,0.6,1.0,4,5.5,10000,0.0261285,0.0261285,0,0.199
rosenbrock,0.001,0.8,0.0,4,5.5,10000,0.00014105,0.00014105,1,0.193
rosenbrock,0.001,0.8,0.2,4,5.5,10000,0.00073487,0.00073487,1,0.217
rosenbrock,0.001,0.8,0.4,4,5.5,10000,0.01873469,0.00328407,0,0.197
rosenbrock,0.001,0.8,0.6,4,5.5,10000,0.00413796,0.00413796,0,0.216
rosenbrock,0.001,0.8,0.8,4,5.5,10000,0.00808891,0.00808891,0,0.2
rosenbrock,0.001,0.8,1.0,4,5.5,10000,0.01266873,0.01266873,0,0.188
rosenbrock,0.001,1.0,0.0,4,5.5,10000,0.0001396,0.0001396,1,0.205
rosenbrock,0.001,1.0,0.2,4,5.5,10000,0.00056031,0.00056031,1,0.196
rosenbrock,0.001,1.0,0.4,4,5.5,10000,0.0027844,0.0027844,0,0.214
rosenbrock,0.001,1.0,0.6,4,5.5,10000,0.0025395,0.0025395,0,0.211
rosenbrock,0.001,1.0,0.8,4,5.5,10000,0.00472777,0.00472777,0,0.201
rosenbrock,0.001,1.0,1.0,4,5.5,10000,0.03731455,0.01270735,0,0.217
rosenbrock,0.001,0.0,0.0,4,6.75,10000,409.0,409.0,0,0.212
rosenbrock,0.001,0.0,0.2,4,6.75,10000,409.0,409.0,0,0.199
rosenbrock,0.001,0.0,0.4,4,6.75,10000,409.0,409.0,0,0.2
rosenbrock,0.001,0.0,0.6,4,6.75,10000,409.0,409.0,0,0.204
rosenbrock,0.001,0.0,0.8,4,6.75,10000,409.0,409.0,0,0.207
rosenbrock,0.001,0.0,1.0,4,6.75,10000,409.0,409.0,0,0.201
rosenbrock,0.001,0.2,0.0,4,6.75,10000,0.0001658,0.0001658,1,0.201
rosenbrock,0.001,0.2,0.2,4,6.75,10000,0.00907705,0.00907705,0,0.195
rosenbrock,0.001,0.2,0.4,4,6.75,10000,0.0453518,0.0453518,0,0.205
rosenbrock,0.001,0.2,0.6,4,6.75,10000,0.13081075,0.13081075,0,0.226
rosenbrock,0.001,0.2,0.8,4,6.75,10000,0.32249823,0.32249823,0,0.213
rosenbrock,0.001,0.2,1.0,4,6.75,10000,0.85798204,0.85798204,0,0.211
rosenbrock,0.001,0.4,0.0,4,6.75,10000,0.00014863,0.00014863,1,0.229
rosenbrock,0.001,0.4,0.2,4,6.75,10000,0.01795201,0.00311551,0,0.192
rosenbrock,0.001,0.4,0.4,4,6.75,10000,0.00835569,0.00835569,0,0.204
rosenbrock,0.001,0.4,0.6,4,6.75,10000,0.0206945,0.0206945,0,0.214
rosenbrock,0.001,0.4,0.8,4,6.75,10000,0.04238961,0.04238961,0,0.201
rosenbrock,0.001,0.4,1.0,4,6.75,10000,0.07599763,0.07599763,0,0.209
rosenbrock,0.001,0.6,0.0,4,6.75,10000,0.0001435,0.0001435,1,0.201
rosenbrock,0.001,0.6,0.2,4,6.75,10000,0.00121667,0.00121667,0,0.205
rosenbrock,0.001,0.6,0.4,4,6.75,10000,0.00324971,0.00324971,0,0.199
rosenbrock,0.001,0.6,0.6,4,6.75,10000,0.00817257,0.00817257,0,0.216
rosenbrock,0.001,0.6,0.8,4,6.75,10000,0.01501678,0.01501678,0,0.205
rosenbrock,0.001,0.6,1.0,4,6.75,10000,0.02611766,0.02611766,0,0.206
rosenbrock,0.001,0.8,0.0,4,6.75,10000,0.00014104,0.00014104,1,0.216
rosenbrock,0.001,0.8,0.2,4,6.75,10000,0.00073115,0.00073115,1,0.196
rosenbrock,0.001,0.8,0.4,4,6.75,10000,0.01543137,0.00319721,0,0.217
rosenbrock,0.001,0.8,0.6,4,6.75,10000,0.00412581,0.00412581,0,0.203
rosenbrock,0.001,0.8,0.8,4,6.75,10000,0.00807591,0.00807591,0,0.202
rosenbrock,0.001,0.8,1.0,4,6.75,10000,0.01266376,0.01266376,0,0.205
rosenbrock,0.001,1.0,0.0,4,6.75,10000,0.00013959,0.00013959,1,0.199
rosenbrock,0.001,1.0,0.2,4,6.75,10000,0.00055727,0.00055727,1,0.268
rosenbrock,0.001,1.0,0.4,4,6.75,10000,0.00261359,0.00261359,0,0.217
rosenbrock,0.001,1.0,0.6,4,6.75,10000,0.00253294,0.00253294,0,0.201
rosenbrock,0.001,1.0,0.8,4,6.75,10000,0.00471488,0.00471488,0,0.213
rosenbrock,0.001,1.0,1.0,4,6.75,10000,0.01628326,0.01628326,0,0.198
rosenbrock,0.001,0.0,0.0,4,8.0,10000,409.0,409.0,0,0.217
rosenbrock,0.001,0.0,0.2,4,8.0,10000,409.0,409.0,0,0.205
rosenbrock,0.001,0.0,0.4,4,8.0,10000,409.0,409.0,0,0.205
rosenbrock,0.001,0.0,0.6,4,8.0,10000,409.0,409.0,0,0.198
rosenbrock,0.001,0.0,0.8,4,8.0,10000,409.0,409.0,0,0.201
rosenbrock,0.001,0.0,1.0,4,8.0,10000,409.0,409.0,0,0.202
rosenbrock,0.001,0.2,0.0,4,8.0,10000,0.00016579,0.00016579,1,0.199
rosenbrock,0.001,0.2,0.2,4,8.0,10000,0.00905753,0.00905753,0,0.207
rosenbrock,0.001,0.2,0.4,4,8.0,10000,0.04535013,0.04535013,0,0.224
rosenbrock,0.001,0.2,0.6,4,8.0,10000,0.13076693,0.13076693,0,0.246
rosenbrock,0.001,0.2,0.8,4,8.0,10000,0.32226973,0.32226973,0,0.206
rosenbrock,0.001,0.2,1.0,4,8.0,10000,0.85871993,0.85871993,0,0.202
rosenbrock,0.001,0.4,0.0,4,8.0,10000,0.00014863,0.00014863,1,0.198
rosenbrock,0.001,0.4,0.2,4,8.0,10000,0.01420799,0.0029192,0,0.204
rosenbrock,0.001,0.4,0.4,4,8.0,10000,0.00833625,0.00833625,0,0.199
rosenbrock,0.001,0.4,0.6,4,8.0,10000,0.02068855,0.02068855,0,0.203
rosenbrock,0.001,0.4,0.8,4,8.0,10000,0.0423747,0.0423747,0,0.21
rosenbrock,0.001,0.4,1.0,4,8.0,10000,0.07596319,0.07596319,0,0.205
rosenbrock,0.001,0.6,0.0,4,8.0,10000,0.0001435,0.0001435,1,0.205
rosenbrock,0.001,0.6,0.2,4,8.0,10000,0.0012192,0.0012192,0,0.201
rosenbrock,0.001,0.6,0.4,4,8.0,10000,0.00324189,0.00324189,0,0.219
rosenbrock,0.001,0.6,0.6,4,8.0,10000,0.00814683,0.00814683,0,0.194
rosenbrock,0.001,0.6,0.8,4,8.0,10000,0.01501096,0.01501096,0,0.227
rosenbrock,0.001,0.6,1.0,4,8.0,10000,0.0261062,0.0261062,0,0.205
rosenbrock,0.001,0.8,0.0,4,8.0,10000,0.00014104,0.00014104,1,0.198
rosenbrock,0.001,0.8,0.2,4,8.0,10000,0.00072813,0.00072813,1,0.215
rosenbrock,0.001,0.8,0.4,4,8.0,10000,0.01400666,0.0029265,0,0.191
rosenbrock,0.001,0.8,0.6,4,8.0,10000,0.00411644,0.00411644,0,0.199
rosenbrock,0.001,0.8,0.8,4,8.0,10000,0.00804403,0.00804403,0,0.211
rosenbrock,0.001,0.8,1.0,4,8.0,10000,0.01265864,0.01265864,0,0.21
rosenbrock,0.001,1.0,0.0,4,8.0,10000,0.00013959,0.00013959,1,0.208
rosenbrock,0.001,1.0,0.2,4,8.0,10000,0.0005545,0.0005545,1,0.199
rosenbrock,0.001,1.0,0.4,4,8.0,10000,0.00268236,0.00268236,0,0.214
rosenbrock,0.001,1.0,0.6,4,8.0,10000,0.00252742,0.00252742,0,0.205
rosenbrock,0.001,1.0,0.8,4,8.0,10000,0.00470398,0.00470398,0,0.211
rosenbrock,0.001,1.0,1.0,4,8.0,10000,0.02057026,0.01378458,0,0.191
rastrigin,0.001,0.0,0.0,4,3.0,10000,18.0,18.0,0,0.158
rastrigin,0.001,0.0,0.2,4,3.0,10000,18.0,18.0,0,0.176
rastrigin,0.001,0.0,0.4,4,3.0,10000,18.0,18.0,0,0.165
rastrigin,0.001,0.0,0.6,4,3.0,10000,18.0,18.0,0,0.168
rastrigin,0.001,0.0,0.8,4,3.0,10000,18.0,18.0,0,0.2
rastrigin,0.001,0.0,1.0,4,3.0,10000,18.0,18.0,0,0.166
rastrigin,0.001,0.2,0.0,4,3.0,10000,17.90920248,17.90920248,0,0.167
rastrigin,0.001,0.2,0.2,4,3.0,10000,17.90920248,17.90920248,0,0.157
rastrigin,0.001,0.2,0.4,4,3.0,10000,17.90920248,17.90920248,0,0.17
rastrigin,0.001,0.2,0.6,4,3.0,10000,17.90920248,17.90920248,0,0.168
rastrigin,0.001,0.2,0.8,4,3.0,10000,17.90920248,17.90920248,0,0.159
rastrigin,0.001,0.2,1.0,4,3.0,10000,17.90920248,17.90920248,0,0.177
rastrigin,0.001,0.4,0.0,4,3.0,10000,17.90920248,17.90920248,0,0.167
rastrigin,0.001,0.4,0.2,4,3.0,10000,17.90920248,17.90920248,0,0.164
rastrigin,0.001,0.4,0.4,4,3.0,10000,17.90920248,17.90920248,0,0.19
rastrigin,0.001,0.4,0.6,4,3.0,10000,17.90920248,17.90920248,0,0.197
rastrigin,0.001,0.4,0.8,4,3.0,10000,17.90920248,17.90920248,0,0.172
rastrigin,0.001,0.4,1.0,4,3.0,10000,17.90920248,17.90920248,0,0.166
rastrigin,0.001,0.6,0.0,4,3.0,10000,17.90920248,17.90920248,0,0.167
rastrigin,0.001,0.6,0.2,4,3.0,10000,17.90920248,17.90920248,0,0.162
rastrigin,0.001,0.6,0.4,4,3.0,10000,17.90920248,17.90920248,0,0.169
rastrigin,0.001,0.6,0.6,4,3.0,10000,17.90920248,17.90920248,0,0.19
rastrigin,0.001,0.6,0.8,4,3.0,10000,17.90920248,17.90920248,0,0.204
rastrigin,0.001,0.6,1.0,4,3.0,10000,17.90920248,17.90920248,0,0.176
rastrigin,0.001,0.8,0.0,4,3.0,10000,17.90920248,17.90920248,0,0.172
rastrigin,0.001,0.8,0.2,4,3.0,10000,17.90920248,17.90920248,0,0.16
rastrigin,0.001,0.8,0.4,4,3.0,10000,17.90920248,17.90920248,0,0.17
rastrigin,0.001,0.8,0.6,4,3.0,10000,17.90920248,17.90920248,0,0.165
rastrigin,0.001,0.8,0.8,4,3.0,10000,17.90920248,17.90920248,0,0.195
rastrigin,0.001,0.8,1.0,4,3.0,10000,17.90920248,17.90920248,0,0.154
rastrigin,0.001,1.0,0.0,4,3.0,10000,17.90920248,17.90920248,0,0.16
rastrigin,0.001,1.0,0.2,4,3.0,10000,17.90920248,17.90920248,0,0.176
rastrigin,0.001,1.0,0.4,4,3.0,10000,17.90920248,17.90920248,0,0.18
rastrigin,0.001,1.0,0.6,4,3.0,10000,17.90920248,17.90920248,0,0.187
rastrigin,0.001,1.0,0.8,4,3.0,10000,17.90920248,17.90920248,0,0.155
rastrigin,0.001,1.0,1.0,4,3.0,10000,17.90920248,17.90920248,0,0.16
rastrigin,0.001,0.0,0.0,4,4.25,10000,18.0,18.0,0,0.173
rastrigin,0.001,0.0,0.2,4,4.25,10000,18.0,18.0,0,0.162
rastrigin,0.001,0.0,0.4,4,4.25,10000,18.0,18.0,0,0.175
rastrigin,0.001,0.0,0.6,4,4.25,10000,18.0,18.0,0,0.173
rastrigin,0.001,0.0,0.8,4,4.25,10000,18.0,18.0,0,0.159
rastrigin,0.001,0.0,1.0,4,4.25,10000,18.0,18.0,0,0.167
rastrigin,0.001,0.2,0.0,4,4.25,10000,17.90920248,17.90920248,0,0.167
rastrigin,0.001,0.2,0.2,4,4.25,10000,17.90920248,17.90920248,0,0.17
rastrigin,0.001,0.2,0.4,4,4.25,10000,17.90920248,17.90920248,0,0.161
rastrigin,0.001,0.2,0.6,4,4.25,10000,17.90920248,17.90920248,0,0.166
rastrigin,0.001,0.2,0.8,4,4.25,10000,17.90920248,17.90920248,0,0.177
rastrigin,0.001,0.2,1.0,4,4.25,10000,17.90920248,17.90920248,0,0.166
rastrigin,0.001,0.4,0.0,4,4.25,10000,17.90920248,17.90920248,0,0.171
rastrigin,0.001,0.4,0.2,4,4.25,10000,17.90920248,17.90920248,0,0.168
rastrigin,0.001,0.4,0.4,4,4.25,10000,17.90920248,17.90920248,0,0.164
rastrigin,0.001,0.4,0.6,4,4.25,10000,17.90920248,17.90920248,0,0.172
rastrigin,0.001,0.4,0.8,4,4.25,10000,17.90920248,17.90920248,0,0.165
rastrigin,0.001,0.4,1.0,4,4.25,10000,17.90920248,17.90920248,0,0.172
rastrigin,0.001,0.6,0.0,4,4.25,10000,17.90920248,17.90920248,0,0.159
rastrigin,0.001,0.6,0.2,4,4.25,10000,17.90920248,17.90920248,0,0.159
rastrigin,0.001,0.6,0.4,4,4.25,10000,17.90920248,17.90920248,0,0.18
rastrigin,0.001,0.6,0.6,4,4.25,10000,17.90920248,17.90920248,0,0.156
rastrigin,0.001,0.6,0.8,4,4.25,10000,17.90920248,17.90920248,0,0.167
rastrigin,0.001,0.6,1.0,4,4.25,10000,17.90920248,17.90920248,0,0.168
rastrigin,0.001,0.8,0.0,4,4.25,10000,17.90920248,17.90920248,0,0.161
rastrigin,0.001,0.8,0.2,4,4.25,10000,17.90920248,17.90920248,0,0.179
rastrigin,0.001,0.8,0.4,4,4.25,10000,17.90920248,17.90920248,0,0.161
rastrigin,0.001,0.8,0.6,4,4.25,10000,17.90920248,17.90920248,0,0.184
rastrigin,0.001,0.8,0.8,4,4.25,10000,17.90920248,17.90920248,0,0.172
rastrigin,0.001,0.8,1.0,4,4.25,10000,17.90920248,17.90920248,0,0.17
rastrigin,0.001,1.0,0.0,4,4.25,10000,17.90920248,17.90920248,0,0.188
rastrigin,0.001,1.0,0.2,4,4.25,10000,17.90920248,17.90920248,0,0.171
rastrigin,0.001,1.0,0.4,4,4.25,10000,17.90920248,17.90920248,0,0.175
rastrigin,0.001,1.0,0.6,4,4.25,10000,17.90920248,17.90920248,0,0.157
rastrigin,0.001,1.0,0.8,4,4.25,10000,17.90920248,17.90920248,0,0.18
rastrigin,0.001,1.0,1.0,4,4.25,10000,17.90920248,17.90920248,0,0.157
rastrigin,0.001,0.0,0.0,4,5.5,10000,18.0,18.0,0,0.165
rastrigin,0.001,0.0,0.2,4,5.5,10000,18.0,18.0,0,0.161
rastrigin,0.001,0.0,0.4,4,5.5,10000,18.0,18.0,0,0.173
rastrigin,0.001,0.0,0.6,4,5.5,10000,18.0,18.0,0,0.155
rastrigin,0.001,0.0,0.8,4,5.5,10000,18.0,18.0,0,0.183
rastrigin,0.001,0.0,1.0,4,5.5,10000,18.0,18.0,0,0.165
rastrigin,0.001,0.2,0.0,4,5.5,10000,17.90920248,17.90920248,0,0.184
rastrigin,0.001,0.2,0.2,4,5.5,10000,17.90920248,17.90920248,0,0.162
rastrigin,0.001,0.2,0.4,4,5.5,10000,17.90920248,17.90920248,0,0.167
rastrigin,0.001,0.2,0.6,4,5.5,10000,17.90920248,17.90920248,0,0.197
rastrigin,0.001,0.2,0.8,4,5.5,10000,17.90920248,17.90920248,0,0.154
rastrigin,0.001,0.2,1.0,4,5.5,10000,17.90920248,17.90920248,0,0.159
rastrigin,0.001,0.4,0.0,4,5.5,10000,17.90920248,17.90920248,0,0.168
rastrigin,0.001,0.4,0.2,4,5.5,10000,17.90920248,17.90920248,0,0.182
rastrigin,0.001,0.4,0.4,4,5.5,10000,17.90920248,17.90920248,0,0.169
rastrigin,0.001,0.4,0.6,4,5.5,10000,17.90920248,17.90920248,0,0.176
rastrigin,0.001,0.4,0.8,4,5.5,10000,17.90920248,17.90920248,0,0.155
rastrigin,0.001,0.4,1.0,4,5.5,10000,17.90920248,17.90920248,0,0.158
rastrigin,0.001,0.6,0.0,4,5.5,10000,17.90920248,17.90920248,0,0.185
rastrigin,0.001,0.6,0.2,4,5.5,10000,17.90920248,17.90920248,0,0.168
rastrigin,0.001,0.6,0.4,4,5.5,10000,17.90920248,17.90920248,0,0.164
rastrigin,0.001,0.6,0.6,4,5.5,10000,17.90920248,17.90920248,0,0.164
rastrigin,0.001,0.6,0.8,4,5.5,10000,17.90920248,17.90920248,0,0.182
rastrigin,0.001,0.6,1.0,4,5.5,10000,17.90920248,17.90920248,0,0.194
rastrigin,0.001,0.8,0.0,4,5.5,10000,17.90920248,17.90920248,0,0.165
rastrigin,0.001,0.8,0.2,4,5.5,10000,17.90920248,17.90920248,0,0.181
rastrigin,0.001,0.8,0.4,4,5.5,10000,17.90920248,17.90920248,0,0.182
rastrigin,0.001,0.8,0.6,4,5.5,10000,17.90920248,17.90920248,0,0.154
rastrigin,0.001,0.8,0.8,4,5.5,10000,17.90920248,17.90920248,0,0.178
rastrigin,0.001,0.8,1.0,4,5.5,10000,17.90920248,17.90920248,0,0.161
rastrigin,0.001,1.0,0.0,4,5.5,10000,17.90920248,17.90920248,0,0.163
rastrigin,0.001,1.0,0.2,4,5.5,10000,17.90920248,17.90920248,0,0.164
rastrigin,0.001,1.0,0.4,4,5.5,10000,17.90920248,17.90920248,0,0.167
rastrigin,0.001,1.0,0.6,4,5.5,10000,17.90920248,17.90920248,0,0.159
rastrigin,0.001,1.0,0.8,4,5.5,10000,17.90920248,17.90920248,0,0.171
rastrigin,0.001,1.0,1.0,4,5.5,10000,17.90920248,17.90920248,0,0.181
rastrigin,0.001,0.0,0.0,4,6.75,10000,18.0,18.0,0,0.165
rastrigin,0.001,0.0,0.2,4,6.75,10000,18.0,18.0,0,0.163
rastrigin,0.001,0.0,0.4,4,6.75,10000,18.0,18.0,0,0.171
rastrigin,0.001,0.0,0.6,4,6.75,10000,18.0,18.0,0,0.189
rastrigin,0.001,0.0,0.8,4,6.75,10000,18.0,18.0,0,0.158
rastrigin,0.001,0.0,1.0,4,6.75,10000,18.0,18.0,0,0.174
rastrigin,0.001,0.2,0.0,4,6.75,10000,17.90920248,17.90920248,0,0.172
rastrigin,0.001,0.2,0.2,4,6.75,10000,17.90920248,17.90920248,0,0.164
rastrigin,0.001,0.2,0.4,4,6.75,10000,17.90920248,17.90920248,0,0.163
rastrigin,0.001,0.2,0.6,4,6.75,10000,17.90920248,17.90920248,0,0.161
rastrigin,0.001,0.2,0.8,4,6.75,10000,17.90920248,17.90920248,0,0.177
rastrigin,0.001,0.2,1.0,4,6.75,10000,17.90920248,17.90920248,0,0.154
rastrigin,0.001,0.4,0.0,4,6.75,10000,17.90920248,17.90920248,0,0.189
rastrigin,0.001,0.4,0.2,4,6.75,10000,17.90920248,17.90920248,0,0.164
rastrigin,0.001,0.4,0.4,4,6.75,10000,17.90920248,17.90920248,0,0.161
rastrigin,0.001,0.4,0.6,4,6.75,10000,17.90920248,17.90920248,0,0.179
rastrigin,0.001,0.4,0.8,4,6.75,10000,17.90920248,17.90920248,0,0.174
rastrigin,0.001,0.4,1.0,4,6.75,10000,17.90920248,17.90920248,0,0.162
rastrigin,0.001,0.6,0.0,4,6.75,10000,17.90920248,17.90920248,0,0.183
rastrigin,0.001,0.6,0.2,4,6.75,10000,17.90920248,17.90920248,0,0.159
rastrigin,0.001,0.6,0.4,4,6.75,10000,17.90920248,17.90920248,0,0.168
rastrigin,0.001,0.6,0.6,4,6.75,10000,17.90920248,17.90920248,0,0.162
rastrigin,0.001,0.6,0.8,4,6.75,10000,17.90920248,17.90920248,0,0.166
rastrigin,0.001,0.6,1.0,4,6.75,10000,17.90920248,17.90920248,0,0.18
rastrigin,0.001,0.8,0.0,4,6.75,10000,17.90920248,17.90920248,0,0.178
rastrigin,0.001,0.8,0.2,4,6.75,10000,17.90920248,17.90920248,0,0.164
rastrigin,0.001,0.8,0.4,4,6.75,10000,17.90920248,17.90920248,0,0.162
rastrigin,0.001,0.8,0.6,4,6.75,10000,17.90920248,17.90920248,0,0.176
rastrigin,0.001,0.8,0.8,4,6.75,10000,17.90920248,17.90920248,0,0.163
rastrigin,0.001,0.8,1.0,4,6.75,10000,17.90920248,17.90920248,0,0.165
rastrigin,0.001,1.0,0.0,4,6.75,10000,17.90920248,17.90920248,0,0.162
rastrigin,0.001,1.0,0.2,4,6.75,10000,17.90920248,17.90920248,0,0.181
rastrigin,0.001,1.0,0.4,4,6.75,10000,17.90920248,17.90920248,0,0.203
rastrigin,0.001,1.0,0.6,4,6.75,10000,17.90920248,17.90920248,0,0.223
rastrigin,0.001,1.0,0.8,4,6.75,10000,17.90920248,17.90920248,0,0.178
rastrigin,0.001,1.0,1.0,4,6.75,10000,17.90920248,17.90920248,0,0.167
rastrigin,0.001,0.0,0.0,4,8.0,10000,18.0,18.0,0,0.178
rastrigin,0.001,0.0,0.2,4,8.0,10000,18.0,18.0,0,0.171
rastrigin,0.001,0.0,0.4,4,8.0,10000,18.0,18.0,0,0.171
rastrigin,0.001,0.0,0.6,4,8.0,10000,18.0,18.0,0,0.162
rastrigin,0.001,0.0,0.8,4,8.0,10000,18.0,18.0,0,0.183
rastrigin,0.001,0.0,1.0,4,8.0,10000,18.0,18.0,0,0.171
rastrigin,0.001,0.2,0.0,4,8.0,10000,17.90920248,17.90920248,0,0.18
rastrigin,0.001,0.2,0.2,4,8.0,10000,17.90920248,17.90920248,0,0.156
rastrigin,0.001,0.2,0.4,4,8.0,10000,17.90920248,17.90920248,0,0.165
rastrigin,0.001,0.2,0.6,4,8.0,10000,17.90920248,17.90920248,0,0.184
rastrigin,0.001,0.2,0.8,4,8.0,10000,17.90920248,17.90920248,0,0.202
rastrigin,0.001,0.2,1.0,4,8.0,10000,17.90920248,17.90920248,0,0.145
rastrigin,0.001,0.4,0.0,4,8.0,10000,17.90920248,17.90920248,0,0.185
rastrigin,0.001,0.4,0.2,4,8.0,10000,17.90920248,17.90920248,0,0.148
rastrigin,0.001,0.4,0.4,4,8.0,10000,17.90920248,17.90920248,0,0.177
rastrigin,0.001,0.4,0.6,4,8.0,10000,17.90920248,17.90920248,0,0.177
rastrigin,0.001,0.4,0.8,4,8.0,10000,17.90920248,17.90920248,0,0.168
rastrigin,0.001,0.4,1.0,4,8.0,10000,17.90920248,17.90920248,0,0.178
rastrigin,0.001,0.6,0.0,4,8.0,10000,17.90920248,17.90920248,0,0.229
rastrigin,0.001,0.6,0.2,4,8.0,10000,17.90920248,17.90920248,0,0.173
rastrigin,0.001,0.6,0.4,4,8.0,10000,17.90920248,17.90920248,0,0.166
rastrigin,0.001,0.6,0.6,4,8.0,10000,17.90920248,17.90920248,0,0.17
rastrigin,0.001,0.6,0.8,4,8.0,10000,17.90920248,17.90920248,0,0.17
rastrigin,0.001,0.6,1.0,4,8.0,10000,17.90920248,17.90920248,0,0.161
rastrigin,0.001,0.8,0.0,4,8.0,10000,17.90920248,17.90920248,0,0.19
rastrigin,0.001,0.8,0.2,4,8.0,10000,17.90920248,17.90920248,0,0.179
rastrigin,0.001,0.8,0.4,4,8.0,10000,17.90920248,17.90920248,0,0.168
rastrigin,0.001,0.8,0.6,4,8.0,10000,17.90920248,17.90920248,0,0.163
rastrigin,0.001,0.8,0.8,4,8.0,10000,17.90920248,17.90920248,0,0.169
rastrigin,0.001,0.8,1.0,4,8.0,10000,17.90920248,17.90920248,0,0.17
rastrigin,0.001,1.0,0.0,4,8.0,10000,17.90920248,17.90920248,0,0.209
rastrigin,0.001,1.0,0.2,4,8.0,10000,17.90920248,17.90920248,0,0.168
rastrigin,0.001,1.0,0.4,4,8.0,10000,17.90920248,17.90920248,0,0.171
rastrigin,0.001,1.0,0.6,4,8.0,10000,17.90920248,17.90920248,0,0.181
rastrigin,0.001,1.0,0.8,4,8.0,10000,17.90920248,17.90920248,0,0.161
rastrigin,0.001,1.0,1.0,4,8.0,10000,17.90920248,17.90920248,0,0.163
himmelblau,0.001,0.0,0.0,4,3.0,10000,26.0,26.0,0,0.23
himmelblau,0.001,0.0,0.2,4,3.0,10000,26.0,26.0,0,0.225
himmelblau,0.001,0.0,0.4,4,3.0,10000,26.0,26.0,0,0.237
himmelblau,0.001,0.0,0.6,4,3.0,10000,26.0,26.0,0,0.217
himmelblau,0.001,0.0,0.8,4,3.0,10000,26.0,26.0,0,0.243
himmelblau,0.001,0.0,1.0,4,3.0,10000,26.0,26.0,0,0.229
himmelblau,0.001,0.2,0.0,4,3.0,10000,0.0,0.0,1,0.238
himmelblau,0.001,0.2,0.2,4,3.0,10000,0.0,0.0,1,0.217
himmelblau,0.001,0.2,0.4,4,3.0,10000,0.0,0.0,1,0.233
himmelblau,0.001,0.2,0.6,4,3.0,10000,0.0,0.0,1,0.232
himmelblau,0.001,0.2,0.8,4,3.0,10000,0.0,0.0,1,0.24
himmelblau,0.001,0.2,1.0,4,3.0,10000,0.0,0.0,1,0.222
himmelblau,0.001,0.4,0.0,4,3.0,10000,0.0,0.0,1,0.231
himmelblau,0.001,0.4,0.2,4,3.0,10000,0.0,0.0,1,0.222
himmelblau,0.001,0.4,0.4,4,3.0,10000,0.0,0.0,1,0.239
himmelblau,0.001,0.4,0.6,4,3.0,10000,0.0,0.0,1,0.227
himmelblau,0.001,0.4,0.8,4,3.0,10000,0.0,0.0,1,0.233
himmelblau,0.001,0.4,1.0,4,3.0,10000,0.0,0.0,1,0.237
himmelblau,0.001,0.6,0.0,4,3.0,10000,0.0,0.0,1,0.238
himmelblau,0.001,0.6,0.2,4,3.0,10000,0.0,0.0,1,0.225
himmelblau,0.001,0.6,0.4,4,3.0,10000,0.0,0.0,1,0.241
himmelblau,0.001,0.6,0.6,4,3.0,10000,0.0,0.0,1,0.229
himmelblau,0.001,0.6,0.8,4,3.0,10000,0.0,0.0,1,0.23
himmelblau,0.001,0.6,1.0,4,3.0,10000,0.0,0.0,1,0.213
himmelblau,0.001,0.8,0.0,4,3.0,10000,0.0,0.0,1,0.222
himmelblau,0.001,0.8,0.2,4,3.0,10000,0.0,0.0,1,0.223
himmelblau,0.001,0.8,0.4,4,3.0,10000,0.0,0.0,1,0.226
himmelblau,0.001,0.8,0.6,4,3.0,10000,0.0,0.0,1,0.216
himmelblau,0.001,0.8,0.8,4,3.0,10000,0.0,0.0,1,0.263
himmelblau,0.001,0.8,1.0,4,3.0,10000,0.0,0.0,1,0.206
himmelblau,0.001,1.0,0.0,4,3.0,10000,0.0,0.0,1,0.232
himmelblau,0.001,1.0,0.2,4,3.0,10000,0.0,0.0,1,0.233
himmelblau,0.001,1.0,0.4,4,3.0,10000,0.0,0.0,1,0.225
himmelblau,0.001,1.0,0.6,4,3.0,10000,0.0,0.0,1,0.233
himmelblau,0.001,1.0,0.8,4,3.0,10000,0.0,0.0,1,0.214
himmelblau,0.001,1.0,1.0,4,3.0,10000,0.0,0.0,1,0.236
himmelblau,0.001,0.0,0.0,4,4.25,10000,26.0,26.0,0,0.214
himmelblau,0.001,0.0,0.2,4,4.25,10000,26.0,26.0,0,0.235
himmelblau,0.001,0.0,0.4,4,4.25,10000,26.0,26.0,0,0.223
himmelblau,0.001,0.0,0.6,4,4.25,10000,26.0,26.0,0,0.224
himmelblau,0.001,0.0,0.8,4,4.25,10000,26.0,26.0,0,0.224
himmelblau,0.001,0.0,1.0,4,4.25,10000,26.0,26.0,0,0.232
himmelblau,0.001,0.2,0.0,4,4.25,10000,0.0,0.0,1,0.227
himmelblau,0.001,0.2,0.2,4,4.25,10000,0.0,0.0,1,0.241
himmelblau,0.001,0.2,0.4,4,4.25,10000,0.0,0.0,1,0.217
himmelblau,0.001,0.2,0.6,4,4.25,10000,0.0,0.0,1,0.231
himmelblau,0.001,0.2,0.8,4,4.25,10000,0.0,0.0,1,0.22
himmelblau,0.001,0.2,1.0,4,4.25,10000,0.0,0.0,1,0.224
himmelblau,0.001,0.4,0.0,4,4.25,10000,0.0,0.0,1,0.234
himmelblau,0.001,0.4,0.2,4,4.25,10000,0.0,0.0,1,0.212
himmelblau,0.001,0.4,0.4,4,4.25,10000,0.0,0.0,1,0.234
himmelblau,0.001,0.4,0.6,4,4.25,10000,0.0,0.0,1,0.219
himmelblau,0.001,0.4,0.8,4,4.25,10000,0.0,0.0,1,0.262
himmelblau,0.001,0.4,1.0,4,4.25,10000,0.0,0.0,1,0.215
himmelblau,0.001,0.6,0.0,4,4.25,10000,0.0,0.0,1,0.229
himmelblau,0.001,0.6,0.2,4,4.25,10000,0.0,0.0,1,0.212
himmelblau,0.001,0.6,0.4,4,4.25,10000,0.0,0.0,1,0.233
himmelblau,0.001,0.6,0.6,4,4.25,10000,0.0,0.0,1,0.215
himmelblau,0.001,0.6,0.8,4,4.25,10000,0.0,0.0,1,0.262
himmelblau,0.001,0.6,1.0,4,4.25,10000,0.0,0.0,1,0.212
himmelblau,0.001,0.8,0.0,4,4.25,10000,0.0,0.0,1,0.225
himmelblau,0.001,0.8,0.2,4,4.25,10000,0.0,0.0,1,0.217
himmelblau,0.001,0.8,0.4,4,4.25,10000,0.0,0.0,1,0.233
himmelblau,0.001,0.8,0.6,4,4.25,10000,0.0,0.0,1,0.22
himmelblau,0.001,0.8,0.8,4,4.25,10000,0.0,0.0,1,0.228
himmelblau,0.001,0.8,1.0,4,4.25,10000,0.0,0.0,1,0.245
himmelblau,0.001,1.0,0.0,4,4.25,10000,0.0,0.0,1,0.228
himmelblau,0.001,1.0,0.2,4,4.25,10000,0.0,0.0,1,0.219
himmelblau,0.001,1.0,0.4,4,4.25,10000,0.0,0.0,1,0.229
himmelblau,0.001,1.0,0.6,4,4.25,10000,0.0,0.0,1,0.234
himmelblau,0.001,1.0,0.8,4,4.25,10000,0.0,0.0,1,0.213
himmelblau,0.001,1.0,1.0,4,4.25,10000,0.0,0.0,1,0.232
himmelblau,0.001,0.0,0.0,4,5.5,10000,26.0,26.0,0,0.234
himmelblau,0.001,0.0,0.2,4,5.5,10000,26.0,26.0,0,0.242
himmelblau,0.001,0.0,0.4,4,5.5,10000,26.0,26.0,0,0.248
himmelblau,0.001,0.0,0.6,4,5.5,10000,26.0,26.0,0,0.283
himmelblau,0.001,0.0,0.8,4,5.5,10000,26.0,26.0,0,0.231
himmelblau,0.001,0.0,1.0,4,5.5,10000,26.0,26.0,0,0.231
himmelblau,0.001,0.2,0.0,4,5.5,10000,0.0,0.0,1,0.215
himmelblau,0.001,0.2,0.2,4,5.5,10000,0.0,0.0,1,0.241
himmelblau,0.001,0.2,0.4,4,5.5,10000,0.0,0.0,1,0.228
himmelblau,0.001,0.2,0.6,4,5.5,10000,0.0,0.0,1,0.23
himmelblau,0.001,0.2,0.8,4,5.5,10000,0.0,0.0,1,0.227
himmelblau,0.001,0.2,1.0,4,5.5,10000,0.0,0.0,1,0.215
himmelblau,0.001,0.4,0.0,4,5.5,10000,0.0,0.0,1,0.218
himmelblau,0.001,0.4,0.2,4,5.5,10000,0.0,0.0,1,0.267
himmelblau,0.001,0.4,0.4,4,5.5,10000,0.0,0.0,1,0.221
himmelblau,0.001,0.4,0.6,4,5.5,10000,0.0,0.0,1,0.234
himmelblau,0.001,0.4,0.8,4,5.5,10000,0.0,0.0,1,0.221
himmelblau,0.001,0.4,1.0,4,5.5,10000,0.0,0.0,1,0.233
himmelblau,0.001,0.6,0.0,4,5.5,10000,0.0,0.0,1,0.247
himmelblau,0.001,0.6,0.2,4,5.5,10000,0.0,0.0,1,0.22
himmelblau,0.001,0.6,0.4,4,5.5,10000,0.0,0.0,1,0.22
himmelblau,0.001,0.6,0.6,4,5.5,10000,0.0,0.0,1,0.228
himmelblau,0.001,0.6,0.8,4,5.5,10000,0.0,0.0,1,0.237
himmelblau,0.001,0.6,1.0,4,5.5,10000,0.0,0.0,1,0.213
himmelblau,0.001,0.8,0.0,4,5.5,10000,0.0,0.0,1,0.24
himmelblau,0.001,0.8,0.2,4,5.5,10000,0.0,0.0,1,0.216
himmelblau,0.001,0.8,0.4,4,5.5,10000,0.0,0.0,1,0.228
himmelblau,0.001,0.8,0.6,4,5.5,10000,0.0,0.0,1,0.217
himmelblau,0.001,0.8,0.8,4,5.5,10000,0.0,0.0,1,0.232
himmelblau,0.001,0.8,1.0,4,5.5,10000,0.0,0.0,1,0.238
himmelblau,0.001,1.0,0.0,4,5.5,10000,0.0,0.0,1,0.208
himmelblau,0.001,1.0,0.2,4,5.5,10000,0.0,0.0,1,0.223
himmelblau,0.001,1.0,0.4,4,5.5,10000,0.0,0.0,1,0.227
himmelblau,0.001,1.0,0.6,4,5.5,10000,0.0,0.0,1,0.225
himmelblau,0.001,1.0,0.8,4,5.5,10000,0.0,0.0,1,0.22
himmelblau,0.001,1.0,1.0,4,5.5,10000,0.0,0.0,1,0.234
himmelblau,0.001,0.0,0.0,4,6.75,10000,26.0,26.0,0,0.246
himmelblau,0.001,0.0,0.2,4,6.75,10000,26.0,26.0,0,0.287
himmelblau,0.001,0.0,0.4,4,6.75,10000,26.0,26.0,0,0.22
himmelblau,0.001,0.0,0.6,4,6.75,10000,26.0,26.0,0,0.233
himmelblau,0.001,0.0,0.8,4,6.75,10000,26.0,26.0,0,0.214
himmelblau,0.001,0.0,1.0,4,6.75,10000,26.0,26.0,0,0.239
himmelblau,0.001,0.2,0.0,4,6.75,10000,0.0,0.0,1,0.231
himmelblau,0.001,0.2,0.2,4,6.75,10000,0.0,0.0,1,0.233
himmelblau,0.001,0.2,0.4,4,6.75,10000,0.0,0.0,1,0.226
himmelblau,0.001,0.2,0.6,4,6.75,10000,0.0,0.0,1,0.229
himmelblau,0.001,0.2,0.8,4,6.75,10000,0.0,0.0,1,0.217
himmelblau,0.001,0.2,1.0,4,6.75,10000,0.0,0.0,1,0.24
himmelblau,0.001,0.4,0.0,4,6.75,10000,0.0,0.0,1,0.211
himmelblau,0.001,0.4,0.2,4,6.75,10000,0.0,0.0,1,0.226
himmelblau,0.001,0.4,0.4,4,6.75,10000,0.0,0.0,1,0.24
himmelblau,0.001,0.4,0.6,4,6.75,10000,0.0,0.0,1,0.242
himmelblau,0.001,0.4,0.8,4,6.75,10000,0.0,0.0,1,0.247
himmelblau,0.001,0.4,1.0,4,6.75,10000,0.0,0.0,1,0.303
himmelblau,0.001,0.6,0.0,4,6.75,10000,0.0,0.0,1,0.223
himmelblau,0.001,0.6,0.2,4,6.75,10000,0.0,0.0,1,0.243
himmelblau,0.001,0.6,0.4,4,6.75,10000,0.0,0.0,1,0.21
himmelblau,0.001,0.6,0.6,4,6.75,10000,0.0,0.0,1,0.239
himmelblau,0.001,0.6,0.8,4,6.75,10000,0.0,0.0,1,0.214
himmelblau,0.001,0.6,1.0,4,6.75,10000,0.0,0.0,1,0.224
himmelblau,0.001,0.8,0.0,4,6.75,10000,0.0,0.0,1,0.213
himmelblau,0.001,0.8,0.2,4,6.75,10000,0.0,0.0,1,0.233
himmelblau,0.001,0.8,0.4,4,6.75,10000,0.0,0.0,1,0.22
himmelblau,0.001,0.8,0.6,4,6.75,10000,0.0,0.0,1,0.228
himmelblau,0.001,0.8,0.8,4,6.75,10000,0.0,0.0,1,0.226
himmelblau,0.001,0.8,1.0,4,6.75,10000,0.0,0.0,1,0.209
himmelblau,0.001,1.0,0.0,4,6.75,10000,0.0,0.0,1,0.234
himmelblau,0.001,1.0,0.2,4,6.75,10000,0.0,0.0,1,0.217
himmelblau,0.001,1.0,0.4,4,6.75,10000,0.0,0.0,1,0.222
himmelblau,0.001,1.0,0.6,4,6.75,10000,0.0,0.0,1,0.215
himmelblau,0.001,1.0,0.8,4,6.75,10000,0.0,0.0,1,0.243
himmelblau,0.001,1.0,1.0,4,6.75,10000,0.0,0.0,1,0.223
himmelblau,0.001,0.0,0.0,4,8.0,10000,26.0,26.0,0,0.234
himmelblau,0.001,0.0,0.2,4,8.0,10000,26.0,26.0,0,0.26
himmelblau,0.001,0.0,0.4,4,8.0,10000,26.0,26.0,0,0.239
himmelblau,0.001,0.0,0.6,4,8.0,10000,26.0,26.0,0,0.214
himmelblau,0.001,0.0,0.8,4,8.0,10000,26.0,26.0,0,0.237
himmelblau,0.001,0.0,1.0,4,8.0,10000,26.0,26.0,0,0.234
himmelblau,0.001,0.2,0.0,4,8.0,10000,0.0,0.0,1,0.242
himmelblau,0.001,0.2,0.2,4,8.0,10000,0.0,0.0,1,0.218
himmelblau,0.001,0.2,0.4,4,8.0,10000,0.0,0.0,1,0.242
himmelblau,0.001,0.2,0.6,4,8.0,10000,0.0,0.0,1,0.213
himmelblau,0.001,0.2,0.8,4,8.0,10000,0.0,0.0,1,0.24
himmelblau,0.001,0.2,1.0,4,8.0,10000,0.0,0.0,1,0.226
himmelblau,0.001,0.4,0.0,4,8.0,10000,0.0,0.0,1,0.229
himmelblau,0.001,0.4,0.2,4,8.0,10000,0.0,0.0,1,0.216
himmelblau,0.001,0.4,0.4,4,8.0,10000,0.0,0.0,1,0.233
himmelblau,0.001,0.4,0.6,4,8.0,10000,0.0,0.0,1,0.236
himmelblau,0.001,0.4,0.8,4,8.0,10000,0.0,0.0,1,0.214
himmelblau,0.001,0.4,1.0,4,8.0,10000,0.0,0.0,1,0.23
himmelblau,0.001,0.6,0.0,4,8.0,10000,0.0,0.0,1,0.217
himmelblau,0.001,0.6,0.2,4,8.0,10000,0.0,0.0,1,0.236
himmelblau,0.001,0.6,0.4,4,8.0,10000,0.0,0.0,1,0.228
himmelblau,0.001,0.6,0.6,4,8.0,10000,0.0,0.0,1,0.228
himmelblau,0.001,0.6,0.8,4,8.0,10000,0.0,0.0,1,0.228
himmelblau,0.001,0.6,1.0,4,8.0,10000,0.0,0.0,1,0.224
himmelblau,0.001,0.8,0.0,4,8.0,10000,0.0,0.0,1,0.218
himmelblau,0.001,0.8,0.2,4,8.0,10000,0.0,0.0,1,0.233
himmelblau,0.001,0.8,0.4,4,8.0,10000,0.0,0.0,1,0.217
himmelblau,0.001,0.8,0.6,4,8.0,10000,0.0,0.0,1,0.229
himmelblau,0.001,0.8,0.8,4,8.0,10000,0.0,0.0,1,0.227
himmelblau,0.001,0.8,1.0,4,8.0,10000,0.0,0.0,1,0.238
himmelblau,0.001,1.0,0.0,4,8.0,10000,0.0,0.0,1,0.221
himmelblau,0.001,1.0,0.2,4,8.0,10000,0.0,0.0,1,0.25
himmelblau,0.001,1.0,0.4,4,8.0,10000,0.0,0.0,1,0.233
himmelblau,0.001,1.0,0.6,4,8.0,10000,0.0,0.0,1,0.227
himmelblau,0.001,1.0,0.8,4,8.0,10000,0.0,0.0,1,0.24
himmelblau,0.001,1.0,1.0,4,8.0,10000,0.0,0.0,1,0.21
rosenbrock,0.001,0.8,0.0,4,0.0,10000,0.00014107,0.00014107,1,0.211
rosenbrock,0.001,0.8,0.04,4,0.0,10000,0.00020685,0.00020685,1,0.215
rosenbrock,0.001,0.8,0.08,4,0.0,10000,0.00029289,0.00029289,1,0.202
rosenbrock,0.001,0.8,0.12,4,0.0,10000,0.00040566,0.00040566,1,0.206
rosenbrock,0.001,0.8,0.16,4,0.0,10000,0.00054432,0.00054432,1,0.184
rosenbrock,0.001,0.8,0.2,4,0.0,10000,0.00071214,0.00071214,1,0.193
rosenbrock,0.001,0.84,0.0,4,0.0,10000,0.00014072,0.00014072,1,0.209
rosenbrock,0.001,0.84,0.04,4,0.0,10000,0.00020366,0.00020366,1,0.197
rosenbrock,0.001,0.84,0.08,4,0.0,10000,0.00028372,0.00028372,1,0.202
rosenbrock,0.001,0.84,0.12,4,0.0,10000,0.00038616,0.00038616,1,0.2
rosenbrock,0.001,0.84,0.16,4,0.0,10000,0.00051413,0.00051413,1,0.213
rosenbrock,0.001,0.84,0.2,4,0.0,10000,0.00066234,0.00066234,1,0.192
rosenbrock,0.001,0.88,0.0,4,0.0,10000,0.00014041,0.00014041,1,0.191
rosenbrock,0.001,0.88,0.04,4,0.0,10000,0.00019997,0.00019997,1,0.205
rosenbrock,0.001,0.88,0.08,4,0.0,10000,0.00027434,0.00027434,1,0.194
rosenbrock,0.001,0.88,0.12,4,0.0,10000,0.000369,0.000369,1,0.211
rosenbrock,0.001,0.88,0.16,4,0.0,10000,0.00048458,0.00048458,1,0.195
rosenbrock,0.001,0.88,0.2,4,0.0,10000,0.00062319,0.00062319,1,0.214
rosenbrock,0.001,0.92,0.0,4,0.0,10000,0.00014012,0.00014012,1,0.194
rosenbrock,0.001,0.92,0.04,4,0.0,10000,0.00019637,0.00019637,1,0.205
rosenbrock,0.001,0.92,0.08,4,0.0,10000,0.00026674,0.00026674,1,0.212
rosenbrock,0.001,0.92,0.12,4,0.0,10000,0.00035416,0.00035416,1,0.191
rosenbrock,0.001,0.92,0.16,4,0.0,10000,0.00046101,0.00046101,1,0.217
rosenbrock,0.001,0.92,0.2,4,0.0,10000,0.00059517,0.00059517,1,0.193
rosenbrock,0.001,0.96,0.0,4,0.0,10000,0.00013986,0.00013986,1,0.192
rosenbrock,0.001,0.96,0.04,4,0.0,10000,0.00019322,0.00019322,1,0.222
rosenbrock,0.001,0.96,0.08,4,0.0,10000,0.00026008,0.00026008,1,0.207
rosenbrock,0.001,0.96,0.12,4,0.0,10000,0.00034131,0.00034131,1,0.196
rosenbrock,0.001,0.96,0.16,4,0.0,10000,0.00044455,0.00044455,1,0.19
rosenbrock,0.001,0.96,0.2,4,0.0,10000,0.00056476,0.00056476,1,0.208
rosenbrock,0.001,1.0,0.0,4,0.0,10000,0.00013962,0.00013962,1,0.264
rosenbrock,0.001,1.0,0.04,4,0.0,10000,0.0001905,0.0001905,1,0.225
rosenbrock,0.001,1.0,0.08,4,0.0,10000,0.00025489,0.00025489,1,0.199
rosenbrock,0.001,1.0,0.12,4,0.0,10000,0.0003297,0.0003297,1,0.24
rosenbrock,0.001,1.0,0.16,4,0.0,10000,0.00042681,0.00042681,1,0.22
rosenbrock,0.001,1.0,0.2,4,0.0,10000,0.00053284,0.00053284,1,0.191
rosenbrock,0.001,0.8,0.0,4,1.0,10000,0.00014106,0.00014106,1,0.248
rosenbrock,0.001,0.8,0.04,4,1.0,10000,0.0002083,0.0002083,1,0.212
rosenbrock,0.001,0.8,0.08,4,1.0,10000,0.00029443,0.00029443,1,0.207
rosenbrock,0.001,0.8,0.12,4,1.0,10000,0.00041514,0.00041514,1,0.201
rosenbrock,0.001,0.8,0.16,4,1.0,10000,0.00057288,0.00057288,1,0.213
rosenbrock,0.001,0.8,0.2,4,1.0,10000,0.00076122,0.00076122,1,0.203
rosenbrock,0.001,0.84,0.0,4,1.0,10000,0.00014072,0.00014072,1,0.22
rosenbrock,0.001,0.84,0.04,4,1.0,10000,0.00020403,0.00020403,1,0.204
rosenbrock,0.001,0.84,0.08,4,1.0,10000,0.00028461,0.00028461,1,0.202
rosenbrock,0.001,0.84,0.12,4,1.0,10000,0.00039749,0.00039749,1,0.206
rosenbrock,0.001,0.84,0.16,4,1.0,10000,0.00054265,0.00054265,1,0.186
rosenbrock,0.001,0.84,0.2,4,1.0,10000,0.00071583,0.00071583,1,0.207
rosenbrock,0.001,0.88,0.0,4,1.0,10000,0.0001404,0.0001404,1,0.192
rosenbrock,0.001,0.88,0.04,4,1.0,10000,0.00020085,0.00020085,1,0.21
rosenbrock,0.001,0.88,0.08,4,1.0,10000,0.00027818,0.00027818,1,0.211
rosenbrock,0.001,0.88,0.12,4,1.0,10000,0.00037535,0.00037535,1,0.19
rosenbrock,0.001,0.88,0.16,4,1.0,10000,0.00051316,0.00051316,1,0.212
rosenbrock,0.001,0.88,0.2,4,1.0,10000,0.00067107,0.00067107,1,0.196
rosenbrock,0.001,0.92,0.0,4,1.0,10000,0.00014012,0.00014012,1,0.22
rosenbrock,0.001,0.92,0.04,4,1.0,10000,0.00019758,0.00019758,1,0.202
rosenbrock,0.001,0.92,0.08,4,1.0,10000,0.00027109,0.00027109,1,0.213
rosenbrock,0.001,0.92,0.12,4,1.0,10000,0.00036086,0.00036086,1,0.204
rosenbrock,0.001,0.92,0.16,4,1.0,10000,0.00048938,0.00048938,1,0.184
rosenbrock,0.001,0.92,0.2,4,1.0,10000,0.00062499,0.00062499,1,0.211
rosenbrock,0.001,0.96,0.0,4,1.0,10000,0.00013985,0.00013985,1,0.204
rosenbrock,0.001,0.96,0.04,4,1.0,10000,0.00019381,0.00019381,1,0.214
rosenbrock,0.001,0.96,0.08,4,1.0,10000,0.0002638,0.0002638,1,0.21
rosenbrock,0.001,0.96,0.12,4,1.0,10000,0.00034708,0.00034708,1,0.213
rosenbrock,0.001,0.96,0.16,4,1.0,10000,0.00046391,0.00046391,1,0.197
rosenbrock,0.001,0.96,0.2,4,1.0,10000,0.00059755,0.00059755,1,0.191
rosenbrock,0.001,1.0,0.0,4,1.0,10000,0.00013962,0.00013962,1,0.209
rosenbrock,0.001,1.0,0.04,4,1.0,10000,0.00019152,0.00019152,1,0.2
rosenbrock,0.001,1.0,0.08,4,1.0,10000,0.00025843,0.00025843,1,0.21
rosenbrock,0.001,1.0,0.12,4,1.0,10000,0.00034009,0.00034009,1,0.205
rosenbrock,0.001,1.0,0.16,4,1.0,10000,0.00044506,0.00044506,1,0.194
rosenbrock,0.001,1.0,0.2,4,1.0,10000,0.00056987,0.00056987,1,0.213
rosenbrock,0.001,0.8,0.0,4,2.0,10000,0.00014106,0.00014106,1,0.2
rosenbrock,0.001,0.8,0.04,4,2.0,10000,0.0002082,0.0002082,1,0.216
rosenbrock,0.001,0.8,0.08,4,2.0,10000,0.00029375,0.00029375,1,0.279
rosenbrock,0.001,0.8,0.12,4,2.0,10000,0.00041552,0.00041552,1,0.207
rosenbrock,0.001,0.8,0.16,4,2.0,10000,0.00057029,0.00057029,1,0.19
rosenbrock,0.001,0.8,0.2,4,2.0,10000,0.0007489,0.0007489,1,0.211
rosenbrock,0.001,0.84,0.0,4,2.0,10000,0.00014071,0.00014071,1,0.201
rosenbrock,0.001,0.84,0.04,4,2.0,10000,0.00020382,0.00020382,1,0.213
rosenbrock,0.001,0.84,0.08,4,2.0,10000,0.00028409,0.00028409,1,0.194
rosenbrock,0.001,0.84,0.12,4,2.0,10000,0.00039555,0.00039555,1,0.211
rosenbrock,0.001,0.84,0.16,4,2.0,10000,0.00053833,0.00053833,1,0.222
rosenbrock,0.001,0.84,0.2,4,2.0,10000,0.00070949,0.00070949,1,0.216
rosenbrock,0.001,0.88,0.0,4,2.0,10000,0.0001404,0.0001404,1,0.202
rosenbrock,0.001,0.88,0.04,4,2.0,10000,0.00020066,0.00020066,1,0.192
rosenbrock,0.001,0.88,0.08,4,2.0,10000,0.00027746,0.00027746,1,0.223
rosenbrock,0.001,0.88,0.12,4,2.0,10000,0.00037464,0.00037464,1,0.226
rosenbrock,0.001,0.88,0.16,4,2.0,10000,0.00051162,0.00051162,1,0.233
rosenbrock,0.001,0.88,0.2,4,2.0,10000,0.00066656,0.00066656,1,0.216
rosenbrock,0.001,0.92,0.0,4,2.0,10000,0.00014011,0.00014011,1,0.206
rosenbrock,0.001,0.92,0.04,4,2.0,10000,0.00019655,0.00019655,1,0.21
rosenbrock,0.001,0.92,0.08,4,2.0,10000,0.00027021,0.00027021,1,0.204
rosenbrock,0.001,0.92,0.12,4,2.0,10000,0.00036009,0.00036009,1,0.211
rosenbrock,0.001,0.92,0.16,4,2.0,10000,0.00048802,0.00048802,1,0.218
rosenbrock,0.001,0.92,0.2,4,2.0,10000,0.00061378,0.00061378,1,0.224
rosenbrock,0.001,0.96,0.0,4,2.0,10000,0.00013985,0.00013985,1,0.242
rosenbrock,0.001,0.96,0.04,4,2.0,10000,0.00019391,0.00019391,1,0.211
rosenbrock,0.001,0.96,0.08,4,2.0,10000,0.00026315,0.00026315,1,0.195
rosenbrock,0.001,0.96,0.12,4,2.0,10000,0.0003462,0.0003462,1,0.252
rosenbrock,0.001,0.96,0.16,4,2.0,10000,0.00046388,0.00046388,1,0.207
rosenbrock,0.001,0.96,0.2,4,2.0,10000,0.00059868,0.00059868,1,0.194
rosenbrock,0.001,1.0,0.0,4,2.0,10000,0.00013961,0.00013961,1,0.216
rosenbrock,0.001,1.0,0.04,4,2.0,10000,0.00019147,0.00019147,1,0.228
rosenbrock,0.001,1.0,0.08,4,2.0,10000,0.00025696,0.00025696,1,0.194
rosenbrock,0.001,1.0,0.12,4,2.0,10000,0.00033854,0.00033854,1,0.205
rosenbrock,0.001,1.0,0.16,4,2.0,10000,0.00044611,0.00044611,1,0.2
rosenbrock,0.001,1.0,0.2,4,2.0,10000,0.00057141,0.00057141,1,0.213
rosenbrock,0.001,0.8,0.0,4,3.0,10000,0.00014106,0.00014106,1,0.204
rosenbrock,0.001,0.8,0.04,4,3.0,10000,0.0002078,0.0002078,1,0.217
rosenbrock,0.001,0.8,0.08,4,3.0,10000,0.00029325,0.00029325,1,0.198
rosenbrock,0.001,0.8,0.12,4,3.0,10000,0.00041349,0.00041349,1,0.213
rosenbrock,0.001,0.8,0.16,4,3.0,10000,0.0005675,0.0005675,1,0.206
rosenbrock,0.001,0.8,0.2,4,3.0,10000,0.00074477,0.00074477,1,0.194
rosenbrock,0.001,0.84,0.0,4,3.0,10000,0.00014071,0.00014071,1,0.234
rosenbrock,0.001,0.84,0.04,4,3.0,10000,0.00020341,0.00020341,1,0.198
rosenbrock,0.001,0.84,0.08,4,3.0,10000,0.00028306,0.00028306,1,0.22
rosenbrock,0.001,0.84,0.12,4,3.0,10000,0.00039382,0.00039382,1,0.192
rosenbrock,0.001,0.84,0.16,4,3.0,10000,0.00053657,0.00053657,1,0.211
rosenbrock,0.001,0.84,0.2,4,3.0,10000,0.00070777,0.00070777,1,0.199
rosenbrock,0.001,0.88,0.0,4,3.0,10000,0.00014039,0.00014039,1,0.209
rosenbrock,0.001,0.88,0.04,4,3.0,10000,0.00020031,0.00020031,1,0.213
rosenbrock,0.001,0.88,0.08,4,3.0,10000,0.00027668,0.00027668,1,0.19
rosenbrock,0.001,0.88,0.12,4,3.0,10000,0.00037253,0.00037253,1,0.218
rosenbrock,0.001,0.88,0.16,4,3.0,10000,0.00050771,0.00050771,1,0.321
rosenbrock,0.001,0.88,0.2,4,3.0,10000,0.00066439,0.00066439,1,0.251
rosenbrock,0.001,0.92,0.0,4,3.0,10000,0.00014011,0.00014011,1,0.235
rosenbrock,0.001,0.92,0.04,4,3.0,10000,0.00019616,0.00019616,1,0.214
rosenbrock,0.001,0.92,0.08,4,3.0,10000,0.0002694,0.0002694,1,0.222
rosenbrock,0.001,0.92,0.12,4,3.0,10000,0.00035879,0.00035879,1,0.214
rosenbrock,0.001,0.92,0.16,4,3.0,10000,0.00048544,0.00048544,1,0.204
rosenbrock,0.001,0.92,0.2,4,3.0,10000,0.00062445,0.00062445,1,0.222
rosenbrock,0.001,0.96,0.0,4,3.0,10000,0.00013985,0.00013985,1,0.213
rosenbrock,0.001,0.96,0.04,4,3.0,10000,0.00019352,0.00019352,1,0.214
rosenbrock,0.001,0.96,0.08,4,3.0,10000,0.00026234,0.00026234,1,0.19
rosenbrock,0.001,0.96,0.12,4,3.0,10000,0.00034486,0.00034486,1,0.204
rosenbrock,0.001,0.96,0.16,4,3.0,10000,0.0004615,0.0004615,1,0.215
rosenbrock,0.001,0.96,0.2,4,3.0,10000,0.00059369,0.00059369,1,0.197
rosenbrock,0.001,1.0,0.0,4,3.0,10000,0.00013961,0.00013961,1,0.22
rosenbrock,0.001,1.0,0.04,4,3.0,10000,0.00019036,0.00019036,1,0.19
rosenbrock,0.001,1.0,0.08,4,3.0,10000,0.00025621,0.00025621,1,0.206
rosenbrock,0.001,1.0,0.12,4,3.0,10000,0.00033722,0.00033722,1,0.234
rosenbrock,0.001,1.0,0.16,4,3.0,10000,0.00044379,0.00044379,1,0.19
rosenbrock,0.001,1.0,0.2,4,3.0,10000,0.00056697,0.00056697,1,0.215
rosenbrock,0.001,0.8,0.0,4,4.0,10000,0.00014105,0.00014105,1,0.196
rosenbrock,0.001,0.8,0.04,4,4.0,10000,0.00020746,0.00020746,1,0.22
rosenbrock,0.001,0.8,0.08,4,4.0,10000,0.00029237,0.00029237,1,0.199
rosenbrock,0.001,0.8,0.12,4,4.0,10000,0.00041201,0.00041201,1,0.208
rosenbrock,0.001,0.8,0.16,4,4.0,10000,0.00056393,0.00056393,1,0.206
rosenbrock,0.001,0.8,0.2,4,4.0,10000,0.00074038,0.00074038,1,0.199
rosenbrock,0.001,0.84,0.0,4,4.0,10000,0.0001407,0.0001407,1,0.21
rosenbrock,0.001,0.84,0.04,4,4.0,10000,0.00020307,0.00020307,1,0.22
rosenbrock,0.001,0.84,0.08,4,4.0,10000,0.00028218,0.00028218,1,0.206
rosenbrock,0.001,0.84,0.12,4,4.0,10000,0.00039267,0.00039267,1,0.209
rosenbrock,0.001,0.84,0.16,4,4.0,10000,0.00053388,0.00053388,1,0.248
rosenbrock,0.001,0.84,0.2,4,4.0,10000,0.00070047,0.00070047,1,0.212
rosenbrock,0.001,0.88,0.0,4,4.0,10000,0.00014039,0.00014039,1,0.214
rosenbrock,0.001,0.88,0.04,4,4.0,10000,0.0002,0.0002,1,0.193
rosenbrock,0.001,0.88,0.08,4,4.0,10000,0.0002759,0.0002759,1,0.2
rosenbrock,0.001,0.88,0.12,4,4.0,10000,0.00037094,0.00037094,1,0.209
rosenbrock,0.001,0.88,0.16,4,4.0,10000,0.00050311,0.00050311,1,0.21
rosenbrock,0.001,0.88,0.2,4,4.0,10000,0.00066138,0.00066138,1,0.213
rosenbrock,0.001,0.92,0.0,4,4.0,10000,0.00014011,0.00014011,1,0.211
rosenbrock,0.001,0.92,0.04,4,4.0,10000,0.00019586,0.00019586,1,0.206
rosenbrock,0.001,0.92,0.08,4,4.0,10000,0.00026866,0.00026866,1,0.201
rosenbrock,0.001,0.92,0.12,4,4.0,10000,0.00035718,0.00035718,1,0.242
rosenbrock,0.001,0.92,0.16,4,4.0,10000,0.00048326,0.00048326,1,0.221
rosenbrock,0.001,0.92,0.2,4,4.0,10000,0.00062497,0.00062497,1,0.213
rosenbrock,0.001,0.96,0.0,4,4.0,10000,0.00013984,0.00013984,1,0.216
rosenbrock,0.001,0.96,0.04,4,4.0,10000,0.00019325,0.00019325,1,0.196
rosenbrock,0.001,0.96,0.08,4,4.0,10000,0.00026166,0.00026166,1,0.213
rosenbrock,0.001,0.96,0.12,4,4.0,10000,0.00034354,0.00034354,1,0.194
rosenbrock,0.001,0.96,0.16,4,4.0,10000,0.00045924,0.00045924,1,0.203
rosenbrock,0.001,0.96,0.2,4,4.0,10000,0.00059166,0.00059166,1,0.204
rosenbrock,0.001,1.0,0.0,4,4.0,10000,0.0001396,0.0001396,1,0.207
rosenbrock,0.001,1.0,0.04,4,4.0,10000,0.00019068,0.00019068,1,0.219
rosenbrock,0.001,1.0,0.08,4,4.0,10000,0.00025556,0.00025556,1,0.196
rosenbrock,0.001,1.0,0.12,4,4.0,10000,0.00033589,0.00033589,1,0.209
rosenbrock,0.001,1.0,0.16,4,4.0,10000,0.00044144,0.00044144,1,0.198
rosenbrock,0.001,1.0,0.2,4,4.0,10000,0.00056415,0.00056415,1,0.21
rastrigin,0.001,0.8,0.0,4,0.0,10000,50.21753936,18.0,0,0.164
rastrigin,0.001,0.8,0.04,4,0.0,10000,57.17368134,18.0,0,0.161
rastrigin,0.001,0.8,0.08,4,0.0,10000,57.17368134,18.0,0,0.185
rastrigin,0.001,0.8,0.12,4,0.0,10000,64.12982332,18.0,0,0.178
rastrigin,0.001,0.8,0.16,4,0.0,10000,64.12982332,18.0,0,0.16
rastrigin,0.001,0.8,0.2,4,0.0,10000,64.12982332,18.0,0,0.165
rastrigin,0.001,0.84,0.0,4,0.0,10000,50.21753936,18.0,0,0.169
rastrigin,0.001,0.84,0.04,4,0.0,10000,57.17368134,18.0,0,0.174
rastrigin,0.001,0.84,0.08,4,0.0,10000,57.17368134,18.0,0,0.168
rastrigin,0.001,0.84,0.12,4,0.0,10000,64.12982332,18.0,0,0.157
rastrigin,0.001,0.84,0.16,4,0.0,10000,64.12982332,18.0,0,0.172
rastrigin,0.001,0.84,0.2,4,0.0,10000,64.12982332,18.0,0,0.158
rastrigin,0.001,0.88,0.0,4,0.0,10000,50.21753936,18.0,0,0.179
rastrigin,0.001,0.88,0.04,4,0.0,10000,57.17368134,18.0,0,0.164
rastrigin,0.001,0.88,0.08,4,0.0,10000,57.17368134,18.0,0,0.168
rastrigin,0.001,0.88,0.12,4,0.0,10000,64.12982332,18.0,0,0.164
rastrigin,0.001,0.88,0.16,4,0.0,10000,64.12982332,18.0,0,0.17
rastrigin,0.001,0.88,0.2,4,0.0,10000,64.12982332,18.0,0,0.179
rastrigin,0.001,0.92,0.0,4,0.0,10000,50.21753936,18.0,0,0.167
rastrigin,0.001,0.92,0.04,4,0.0,10000,57.17368134,18.0,0,0.157
rastrigin,0.001,0.92,0.08,4,0.0,10000,57.17368134,18.0,0,0.185
rastrigin,0.001,0.92,0.12,4,0.0,10000,64.12982332,18.0,0,0.179
rastrigin,0.001,0.92,0.16,4,0.0,10000,64.12982332,18.0,0,0.165
rastrigin,0.001,0.92,0.2,4,0.0,10000,64.12982332,18.0,0,0.168
rastrigin,0.001,0.96,0.0,4,0.0,10000,50.21753936,18.0,0,0.187
rastrigin,0.001,0.96,0.04,4,0.0,10000,57.17368134,18.0,0,0.188
rastrigin,0.001,0.96,0.08,4,0.0,10000,57.17368134,18.0,0,0.153
rastrigin,0.001,0.96,0.12,4,0.0,10000,64.12982332,18.0,0,0.176
rastrigin,0.001,0.96,0.16,4,0.0,10000,64.12982332,18.0,0,0.151
rastrigin,0.001,0.96,0.2,4,0.0,10000,64.12982332,18.0,0,0.171
rastrigin,0.001,1.0,0.0,4,0.0,10000,50.21753936,18.0,0,0.164
rastrigin,0.001,1.0,0.04,4,0.0,10000,57.17368134,18.0,0,0.154
rastrigin,0.001,1.0,0.08,4,0.0,10000,57.17368134,18.0,0,0.168
rastrigin,0.001,1.0,0.12,4,0.0,10000,64.12982332,18.0,0,0.158
rastrigin,0.001,1.0,0.16,4,0.0,10000,64.12982332,18.0,0,0.155
rastrigin,0.001,1.0,0.2,4,0.0,10000,64.12982332,18.0,0,0.16
rastrigin,0.001,0.8,0.0,4,1.0,10000,17.90920248,17.90920248,0,0.167
rastrigin,0.001,0.8,0.04,4,1.0,10000,17.90920248,17.90920248,0,0.171
rastrigin,0.001,0.8,0.08,4,1.0,10000,17.90920248,17.90920248,0,0.211
rastrigin,0.001,0.8,0.12,4,1.0,10000,17.90937666,17.90930405,0,0.175
rastrigin,0.001,0.8,0.16,4,1.0,10000,17.90937666,17.90930405,0,0.182
rastrigin,0.001,0.8,0.2,4,1.0,10000,17.90937666,17.90930405,0,0.15
rastrigin,0.001,0.84,0.0,4,1.0,10000,17.90920248,17.90920248,0,0.183
rastrigin,0.001,0.84,0.04,4,1.0,10000,17.90920248,17.90920248,0,0.166
rastrigin,0.001,0.84,0.08,4,1.0,10000,17.90920248,17.90920248,0,0.173
rastrigin,0.001,0.84,0.12,4,1.0,10000,17.90937666,17.90931891,0,0.172
rastrigin,0.001,0.84,0.16,4,1.0,10000,17.90937666,17.90931891,0,0.166
rastrigin,0.001,0.84,0.2,4,1.0,10000,17.90937666,17.90931891,0,0.172
rastrigin,0.001,0.88,0.0,4,1.0,10000,17.90920248,17.90920248,0,0.172
rastrigin,0.001,0.88,0.04,4,1.0,10000,17.90920248,17.90920248,0,0.187
rastrigin,0.001,0.88,0.08,4,1.0,10000,17.90920248,17.90920248,0,0.154
rastrigin,0.001,0.88,0.12,4,1.0,10000,17.90937666,17.90929688,0,0.172
rastrigin,0.001,0.88,0.16,4,1.0,10000,17.90937666,17.90929688,0,0.165
rastrigin,0.001,0.88,0.2,4,1.0,10000,17.90937666,17.90929688,0,0.172
rastrigin,0.001,0.92,0.0,4,1.0,10000,17.90920248,17.90920248,0,0.179
rastrigin,0.001,0.92,0.04,4,1.0,10000,17.90920248,17.90920248,0,0.164
rastrigin,0.001,0.92,0.08,4,1.0,10000,17.90920248,17.90920248,0,0.155
rastrigin,0.001,0.92,0.12,4,1.0,10000,17.90937666,17.90934262,0,0.177
rastrigin,0.001,0.92,0.16,4,1.0,10000,17.90937666,17.90934262,0,0.16
rastrigin,0.001,0.92,0.2,4,1.0,10000,17.90937666,17.90934262,0,0.16
rastrigin,0.001,0.96,0.0,4,1.0,10000,17.90920248,17.90920248,0,0.188
rastrigin,0.001,0.96,0.04,4,1.0,10000,17.90920248,17.90920248,0,0.162
rastrigin,0.001,0.96,0.08,4,1.0,10000,17.90920248,17.90920248,0,0.174
rastrigin,0.001,0.96,0.12,4,1.0,10000,17.90937666,17.90929631,0,0.162
rastrigin,0.001,0.96,0.16,4,1.0,10000,17.90937666,17.90929631,0,0.188
rastrigin,0.001,0.96,0.2,4,1.0,10000,17.90937666,17.90929631,0,0.146
rastrigin,0.001,1.0,0.0,4,1.0,10000,17.90920248,17.90920248,0,0.156
rastrigin,0.001,1.0,0.04,4,1.0,10000,17.90920248,17.90920248,0,0.192
rastrigin,0.001,1.0,0.08,4,1.0,10000,17.90920248,17.90920248,0,0.154
rastrigin,0.001,1.0,0.12,4,1.0,10000,17.90937666,17.90937666,0,0.171
rastrigin,0.001,1.0,0.16,4,1.0,10000,17.90937666,17.90937666,0,0.194
rastrigin,0.001,1.0,0.2,4,1.0,10000,17.90937666,17.90937666,0,0.167
rastrigin,0.001,0.8,0.0,4,2.0,10000,17.90920248,17.90920248,0,0.172
rastrigin,0.001,0.8,0.04,4,2.0,10000,17.90920248,17.90920248,0,0.159
rastrigin,0.001,0.8,0.08,4,2.0,10000,17.90920248,17.90920248,0,0.167
rastrigin,0.001,0.8,0.12,4,2.0,10000,17.90920248,17.90920248,0,0.18
rastrigin,0.001,0.8,0.16,4,2.0,10000,17.90920248,17.90920248,0,0.155
rastrigin,0.001,0.8,0.2,4,2.0,10000,17.90920248,17.90920248,0,0.189
rastrigin,0.001,0.84,0.0,4,2.0,10000,17.90920248,17.90920248,0,0.157
rastrigin,0.001,0.84,0.04,4,2.0,10000,17.90920248,17.90920248,0,0.187
rastrigin,0.001,0.84,0.08,4,2.0,10000,17.90920248,17.90920248,0,0.152
rastrigin,0.001,0.84,0.12,4,2.0,10000,17.90920248,17.90920248,0,0.158
rastrigin,0.001,0.84,0.16,4,2.0,10000,17.90920248,17.90920248,0,0.198
rastrigin,0.001,0.84,0.2,4,2.0,10000,17.90920248,17.90920248,0,0.143
rastrigin,0.001,0.88,0.0,4,2.0,10000,17.90920248,17.90920248,0,0.171
rastrigin,0.001,0.88,0.04,4,2.0,10000,17.90920248,17.90920248,0,0.181
rastrigin,0.001,0.88,0.08,4,2.0,10000,17.90920248,17.90920248,0,0.152
rastrigin,0.001,0.88,0.12,4,2.0,10000,17.90920248,17.90920248,0,0.173
rastrigin,0.001,0.88,0.16,4,2.0,10000,17.90920248,17.90920248,0,0.157
rastrigin,0.001,0.88,0.2,4,2.0,10000,17.90920248,17.90920248,0,0.168
rastrigin,0.001,0.92,0.0,4,2.0,10000,17.90920248,17.90920248,0,0.157
rastrigin,0.001,0.92,0.04,4,2.0,10000,17.90920248,17.90920248,0,0.155
rastrigin,0.001,0.92,0.08,4,2.0,10000,17.90920248,17.90920248,0,0.174
rastrigin,0.001,0.92,0.12,4,2.0,10000,17.90920248,17.90920248,0,0.18
rastrigin,0.001,0.92,0.16,4,2.0,10000,17.90920248,17.90920248,0,0.165
rastrigin,0.001,0.92,0.2,4,2.0,10000,17.90920248,17.90920248,0,0.16
rastrigin,0.001,0.96,0.0,4,2.0,10000,17.90920248,17.90920248,0,0.156
rastrigin,0.001,0.96,0.04,4,2.0,10000,17.90920248,17.90920248,0,0.175
rastrigin,0.001,0.96,0.08,4,2.0,10000,17.90920248,17.90920248,0,0.154
rastrigin,0.001,0.96,0.12,4,2.0,10000,17.90920248,17.90920248,0,0.167
rastrigin,0.001,0.96,0.16,4,2.0,10000,17.90920248,17.90920248,0,0.174
rastrigin,0.001,0.96,0.2,4,2.0,10000,17.90920248,17.90920248,0,0.156
rastrigin,0.001,1.0,0.0,4,2.0,10000,17.90920248,17.90920248,0,0.21
rastrigin,0.001,1.0,0.04,4,2.0,10000,17.90920248,17.90920248,0,0.159
rastrigin,0.001,1.0,0.08,4,2.0,10000,17.90920248,17.90920248,0,0.175
rastrigin,0.001,1.0,0.12,4,2.0,10000,17.90920248,17.90920248,0,0.171
rastrigin,0.001,1.0,0.16,4,2.0,10000,17.90920248,17.90920248,0,0.15
rastrigin,0.001,1.0,0.2,4,2.0,10000,17.90920248,17.90920248,0,0.168
rastrigin,0.001,0.8,0.0,4,3.0,10000,17.90920248,17.90920248,0,0.162
rastrigin,0.001,0.8,0.04,4,3.0,10000,17.90920248,17.90920248,0,0.155
rastrigin,0.001,0.8,0.08,4,3.0,10000,17.90920248,17.90920248,0,0.162
rastrigin,0.001,0.8,0.12,4,3.0,10000,17.90920248,17.90920248,0,0.162
rastrigin,0.001,0.8,0.16,4,3.0,10000,17.90920248,17.90920248,0,0.173
rastrigin,0.001,0.8,0.2,4,3.0,10000,17.90920248,17.90920248,0,0.177
rastrigin,0.001,0.84,0.0,4,3.0,10000,17.90920248,17.90920248,0,0.167
rastrigin,0.001,0.84,0.04,4,3.0,10000,17.90920248,17.90920248,0,0.171
rastrigin,0.001,0.84,0.08,4,3.0,10000,17.90920248,17.90920248,0,0.161
rastrigin,0.001,0.84,0.12,4,3.0,10000,17.90920248,17.90920248,0,0.177
rastrigin,0.001,0.84,0.16,4,3.0,10000,17.90920248,17.90920248,0,0.159
rastrigin,0.001,0.84,0.2,4,3.0,10000,17.90920248,17.90920248,0,0.159
rastrigin,0.001,0.88,0.0,4,3.0,10000,17.90920248,17.90920248,0,0.177
rastrigin,0.001,0.88,0.04,4,3.0,10000,17.90920248,17.90920248,0,0.161
rastrigin,0.001,0.88,0.08,4,3.0,10000,17.90920248,17.90920248,0,0.177
rastrigin,0.001,0.88,0.12,4,3.0,10000,17.90920248,17.90920248,0,0.163
rastrigin,0.001,0.88,0.16,4,3.0,10000,17.90920248,17.90920248,0,0.157
rastrigin,0.001,0.88,0.2,4,3.0,10000,17.90920248,17.90920248,0,0.181
rastrigin,0.001,0.92,0.0,4,3.0,10000,17.90920248,17.90920248,0,0.162
rastrigin,0.001,0.92,0.04,4,3.0,10000,17.90920248,17.90920248,0,0.171
rastrigin,0.001,0.92,0.08,4,3.0,10000,17.90920248,17.90920248,0,0.17
rastrigin,0.001,0.92,0.12,4,3.0,10000,17.90920248,17.90920248,0,0.151
rastrigin,0.001,0.92,0.16,4,3.0,10000,17.90920248,17.90920248,0,0.177
rastrigin,0.001,0.92,0.2,4,3.0,10000,17.90920248,17.90920248,0,0.182
rastrigin,0.001,0.96,0.0,4,3.0,10000,17.90920248,17.90920248,0,0.158
rastrigin,0.001,0.96,0.04,4,3.0,10000,17.90920248,17.90920248,0,0.16
rastrigin,0.001,0.96,0.08,4,3.0,10000,17.90920248,17.90920248,0,0.211
rastrigin,0.001,0.96,0.12,4,3.0,10000,17.90920248,17.90920248,0,0.191
rastrigin,0.001,0.96,0.16,4,3.0,10000,17.90920248,17.90920248,0,0.167
rastrigin,0.001,0.96,0.2,4,3.0,10000,17.90920248,17.90920248,0,0.169
rastrigin,0.001,1.0,0.0,4,3.0,10000,17.90920248,17.90920248,0,0.16
rastrigin,0.001,1.0,0.04,4,3.0,10000,17.90920248,17.90920248,0,0.194
rastrigin,0.001,1.0,0.08,4,3.0,10000,17.90920248,17.90920248,0,0.152
rastrigin,0.001,1.0,0.12,4,3.0,10000,17.90920248,17.90920248,0,0.15
rastrigin,0.001,1.0,0.16,4,3.0,10000,17.90920248,17.90920248,0,0.176
rastrigin,0.001,1.0,0.2,4,3.0,10000,17.90920248,17.90920248,0,0.157
rastrigin,0.001,0.8,0.0,4,4.0,10000,17.90920248,17.90920248,0,0.157
rastrigin,0.001,0.8,0.04,4,4.0,10000,17.90920248,17.90920248,0,0.201
rastrigin,0.001,0.8,0.08,4,4.0,10000,17.90920248,17.90920248,0,0.155
rastrigin,0.001,0.8,0.12,4,4.0,10000,17.90920248,17.90920248,0,0.181
rastrigin,0.001,0.8,0.16,4,4.0,10000,17.90920248,17.90920248,0,0.17
rastrigin,0.001,0.8,0.2,4,4.0,10000,17.90920248,17.90920248,0,0.147
rastrigin,0.001,0.84,0.0,4,4.0,10000,17.90920248,17.90920248,0,0.177
rastrigin,0.001,0.84,0.04,4,4.0,10000,17.90920248,17.90920248,0,0.173
rastrigin,0.001,0.84,0.08,4,4.0,10000,17.90920248,17.90920248,0,0.16
rastrigin,0.001,0.84,0.12,4,4.0,10000,17.90920248,17.90920248,0,0.185
rastrigin,0.001,0.84,0.16,4,4.0,10000,17.90920248,17.90920248,0,0.145
rastrigin,0.001,0.84,0.2,4,4.0,10000,17.90920248,17.90920248,0,0.175
rastrigin,0.001,0.88,0.0,4,4.0,10000,17.90920248,17.90920248,0,0.158
rastrigin,0.001,0.88,0.04,4,4.0,10000,17.90920248,17.90920248,0,0.156
rastrigin,0.001,0.88,0.08,4,4.0,10000,17.90920248,17.90920248,0,0.197
rastrigin,0.001,0.88,0.12,4,4.0,10000,17.90920248,17.90920248,0,0.15
rastrigin,0.001,0.88,0.16,4,4.0,10000,17.90920248,17.90920248,0,0.178
rastrigin,0.001,0.88,0.2,4,4.0,10000,17.90920248,17.90920248,0,0.156
rastrigin,0.001,0.92,0.0,4,4.0,10000,17.90920248,17.90920248,0,0.162
rastrigin,0.001,0.92,0.04,4,4.0,10000,17.90920248,17.90920248,0,0.185
rastrigin,0.001,0.92,0.08,4,4.0,10000,17.90920248,17.90920248,0,0.148
rastrigin,0.001,0.92,0.12,4,4.0,10000,17.90920248,17.90920248,0,0.155
rastrigin,0.001,0.92,0.16,4,4.0,10000,17.90920248,17.90920248,0,0.211
rastrigin,0.001,0.92,0.2,4,4.0,10000,17.90920248,17.90920248,0,0.156
rastrigin,0.001,0.96,0.0,4,4.0,10000,17.90920248,17.90920248,0,0.176
rastrigin,0.001,0.96,0.04,4,4.0,10000,17.90920248,17.90920248,0,0.168
rastrigin,0.001,0.96,0.08,4,4.0,10000,17.90920248,17.90920248,0,0.165
rastrigin,0.001,0.96,0.12,4,4.0,10000,17.90920248,17.90920248,0,0.175
rastrigin,0.001,0.96,0.16,4,4.0,10000,17.90920248,17.90920248,0,0.156
rastrigin,0.001,0.96,0.2,4,4.0,10000,17.90920248,17.90920248,0,0.178
rastrigin,0.001,1.0,0.0,4,4.0,10000,17.90920248,17.90920248,0,0.157
rastrigin,0.001,1.0,0.04,4,4.0,10000,17.90920248,17.90920248,0,0.166
rastrigin,0.001,1.0,0.08,4,4.0,10000,17.90920248,17.90920248,0,0.162
rastrigin,0.001,1.0,0.12,4,4.0,10000,17.90920248,17.90920248,0,0.162
rastrigin,0.001,1.0,0.16,4,4.0,10000,17.90920248,17.90920248,0,0.173
rastrigin,0.001,1.0,0.2,4,4.0,10000,17.90920248,17.90920248,0,0.16
himmelblau,0.001,0.8,0.0,4,0.0,10000,0.0,0.0,1,0.239
himmelblau,0.001,0.8,0.04,4,0.0,10000,0.0,0.0,1,0.226
himmelblau,0.001,0.8,0.08,4,0.0,10000,0.0,0.0,1,0.229
himmelblau,0.001,0.8,0.12,4,0.0,10000,0.0,0.0,1,0.238
himmelblau,0.001,0.8,0.16,4,0.0,10000,0.0,0.0,1,0.221
himmelblau,0.001,0.8,0.2,4,0.0,10000,0.0,0.0,1,0.214
himmelblau,0.001,0.84,0.0,4,0.0,10000,0.0,0.0,1,0.253
himmelblau,0.001,0.84,0.04,4,0.0,10000,0.0,0.0,1,0.251
himmelblau,0.001,0.84,0.08,4,0.0,10000,0.0,0.0,1,0.228
himmelblau,0.001,0.84,0.12,4,0.0,10000,0.0,0.0,1,0.225
himmelblau,0.001,0.84,0.16,4,0.0,10000,0.0,0.0,1,0.216
himmelblau,0.001,0.84,0.2,4,0.0,10000,0.0,0.0,1,0.221
himmelblau,0.001,0.88,0.0,4,0.0,10000,0.0,0.0,1,0.258
himmelblau,0.001,0.88,0.04,4,0.0,10000,0.0,0.0,1,0.211
himmelblau,0.001,0.88,0.08,4,0.0,10000,0.0,0.0,1,0.237
himmelblau,0.001,0.88,0.12,4,0.0,10000,0.0,0.0,1,0.221
himmelblau,0.001,0.88,0.16,4,0.0,10000,0.0,0.0,1,0.223
himmelblau,0.001,0.88,0.2,4,0.0,10000,0.0,0.0,1,0.225
himmelblau,0.001,0.92,0.0,4,0.0,10000,0.0,0.0,1,0.22
himmelblau,0.001,0.92,0.04,4,0.0,10000,0.0,0.0,1,0.239
himmelblau,0.001,0.92,0.08,4,0.0,10000,0.0,0.0,1,0.212
himmelblau,0.001,0.92,0.12,4,0.0,10000,0.0,0.0,1,0.236
himmelblau,0.001,0.92,0.16,4,0.0,10000,0.0,0.0,1,0.217
himmelblau,0.001,0.92,0.2,4,0.0,10000,0.0,0.0,1,0.231
himmelblau,0.001,0.96,0.0,4,0.0,10000,0.0,0.0,1,0.211
himmelblau,0.001,0.96,0.04,4,0.0,10000,0.0,0.0,1,0.228
himmelblau,0.001,0.96,0.08,4,0.0,10000,0.0,0.0,1,0.214
himmelblau,0.001,0.96,0.12,4,0.0,10000,0.0,0.0,1,0.241
himmelblau,0.001,0.96,0.16,4,0.0,10000,0.0,0.0,1,0.229
himmelblau,0.001,0.96,0.2,4,0.0,10000,0.0,0.0,1,0.244
himmelblau,0.001,1.0,0.0,4,0.0,10000,0.0,0.0,1,0.232
himmelblau,0.001,1.0,0.04,4,0.0,10000,0.0,0.0,1,0.238
himmelblau,0.001,1.0,0.08,4,0.0,10000,0.0,0.0,1,0.225
himmelblau,0.001,1.0,0.12,4,0.0,10000,0.0,0.0,1,0.223
himmelblau,0.001,1.0,0.16,4,0.0,10000,0.0,0.0,1,0.234
himmelblau,0.001,1.0,0.2,4,0.0,10000,0.0,0.0,1,0.233
himmelblau,0.001,0.8,0.0,4,1.0,10000,0.0,0.0,1,0.221
himmelblau,0.001,0.8,0.04,4,1.0,10000,0.0,0.0,1,0.212
himmelblau,0.001,0.8,0.08,4,1.0,10000,0.0,0.0,1,0.238
himmelblau,0.001,0.8,0.12,4,1.0,10000,0.0,0.0,1,0.215
himmelblau,0.001,0.8,0.16,4,1.0,10000,0.0,0.0,1,0.236
himmelblau,0.001,0.8,0.2,4,1.0,10000,0.0,0.0,1,0.226
himmelblau,0.001,0.84,0.0,4,1.0,10000,0.0,0.0,1,0.222
himmelblau,0.001,0.84,0.04,4,1.0,10000,0.0,0.0,1,0.232
himmelblau,0.001,0.84,0.08,4,1.0,10000,0.0,0.0,1,0.228
himmelblau,0.001,0.84,0.12,4,1.0,10000,0.0,0.0,1,0.219
himmelblau,0.001,0.84,0.16,4,1.0,10000,0.0,0.0,1,0.24
himmelblau,0.001,0.84,0.2,4,1.0,10000,0.0,0.0,1,0.219
himmelblau,0.001,0.88,0.0,4,1.0,10000,0.0,0.0,1,0.242
himmelblau,0.001,0.88,0.04,4,1.0,10000,0.0,0.0,1,0.212
himmelblau,0.001,0.88,0.08,4,1.0,10000,0.0,0.0,1,0.236
himmelblau,0.001,0.88,0.12,4,1.0,10000,0.0,0.0,1,0.223
himmelblau,0.001,0.88,0.16,4,1.0,10000,0.0,0.0,1,0.212
himmelblau,0.001,0.88,0.2,4,1.0,10000,0.0,0.0,1,0.235
himmelblau,0.001,0.92,0.0,4,1.0,10000,0.0,0.0,1,0.216
himmelblau,0.001,0.92,0.04,4,1.0,10000,0.0,0.0,1,0.248
himmelblau,0.001,0.92,0.08,4,1.0,10000,0.0,0.0,1,0.258
himmelblau,0.001,0.92,0.12,4,1.0,10000,0.0,0.0,1,0.244
himmelblau,0.001,0.92,0.16,4,1.0,10000,0.0,0.0,1,0.244
himmelblau,0.001,0.92,0.2,4,1.0,10000,0.0,0.0,1,0.269
himmelblau,0.001,0.96,0.0,4,1.0,10000,0.0,0.0,1,0.263
himmelblau,0.001,0.96,0.04,4,1.0,10000,0.0,0.0,1,0.243
himmelblau,0.001,0.96,0.08,4,1.0,10000,0.0,0.0,1,0.233
himmelblau,0.001,0.96,0.12,4,1.0,10000,0.0,0.0,1,0.224
himmelblau,0.001,0.96,0.16,4,1.0,10000,0.0,0.0,1,0.248
himmelblau,0.001,0.96,0.2,4,1.0,10000,0.0,0.0,1,0.217
himmelblau,0.001,1.0,0.0,4,1.0,10000,0.0,0.0,1,0.213
himmelblau,0.001,1.0,0.04,4,1.0,10000,0.0,0.0,1,0.225
himmelblau,0.001,1.0,0.08,4,1.0,10000,0.0,0.0,1,0.253
himmelblau,0.001,1.0,0.12,4,1.0,10000,0.0,0.0,1,0.22
himmelblau,0.001,1.0,0.16,4,1.0,10000,0.0,0.0,1,0.21
himmelblau,0.001,1.0,0.2,4,1.0,10000,0.0,0.0,1,0.233
himmelblau,0.001,0.8,0.0,4,2.0,10000,0.0,0.0,1,0.212
himmelblau,0.001,0.8,0.04,4,2.0,10000,0.0,0.0,1,0.243
himmelblau,0.001,0.8,0.08,4,2.0,10000,0.0,0.0,1,0.222
himmelblau,0.001,0.8,0.12,4,2.0,10000,0.0,0.0,1,0.24
himmelblau,0.001,0.8,0.16,4,2.0,10000,0.0,0.0,1,0.217
himmelblau,0.001,0.8,0.2,4,2.0,10000,0.0,0.0,1,0.254
himmelblau,0.001,0.84,0.0,4,2.0,10000,0.0,0.0,1,0.228
himmelblau,0.001,0.84,0.04,4,2.0,10000,0.0,0.0,1,0.248
himmelblau,0.001,0.84,0.08,4,2.0,10000,0.0,0.0,1,0.214
himmelblau,0.001,0.84,0.12,4,2.0,10000,0.0,0.0,1,0.254
himmelblau,0.001,0.84,0.16,4,2.0,10000,0.0,0.0,1,0.218
himmelblau,0.001,0.84,0.2,4,2.0,10000,0.0,0.0,1,0.246
himmelblau,0.001,0.88,0.0,4,2.0,10000,0.0,0.0,1,0.213
himmelblau,0.001,0.88,0.04,4,2.0,10000,0.0,0.0,1,0.229
himmelblau,0.001,0.88,0.08,4,2.0,10000,0.0,0.0,1,0.268
himmelblau,0.001,0.88,0.12,4,2.0,10000,0.0,0.0,1,0.233
himmelblau,0.001,0.88,0.16,4,2.0,10000,0.0,0.0,1,0.209
himmelblau,0.001,0.88,0.2,4,2.0,10000,0.0,0.0,1,0.237
himmelblau,0.001,0.92,0.0,4,2.0,10000,0.0,0.0,1,0.22
himmelblau,0.001,0.92,0.04,4,2.0,10000,0.0,0.0,1,0.216
himmelblau,0.001,0.92,0.08,4,2.0,10000,0.0,0.0,1,0.23
himmelblau,0.001,0.92,0.12,4,2.0,10000,0.0,0.0,1,0.213
himmelblau,0.001,0.92,0.16,4,2.0,10000,0.0,0.0,1,0.236
himmelblau,0.001,0.92,0.2,4,2.0,10000,0.0,0.0,1,0.226
himmelblau,0.001,0.96,0.0,4,2.0,10000,0.0,0.0,1,0.252
himmelblau,0.001,0.96,0.04,4,2.0,10000,0.0,0.0,1,0.237
himmelblau,0.001,0.96,0.08,4,2.0,10000,0.0,0.0,1,0.226
himmelblau,0.001,0.96,0.12,4,2.0,10000,0.0,0.0,1,0.222
himmelblau,0.001,0.96,0.16,4,2.0,10000,0.0,0.0,1,0.271
himmelblau,0.001,0.96,0.2,4,2.0,10000,0.0,0.0,1,0.225
himmelblau,0.001,1.0,0.0,4,2.0,10000,0.0,0.0,1,0.231
himmelblau,0.001,1.0,0.04,4,2.0,10000,0.0,0.0,1,0.229
himmelblau,0.001,1.0,0.08,4,2.0,10000,0.0,0.0,1,0.23
himmelblau,0.001,1.0,0.12,4,2.0,10000,0.0,0.0,1,0.216
himmelblau,0.001,1.0,0.16,4,2.0,10000,0.0,0.0,1,0.238
himmelblau,0.001,1.0,0.2,4,2.0,10000,0.0,0.0,1,0.211
himmelblau,0.001,0.8,0.0,4,3.0,10000,0.0,0.0,1,0.239
himmelblau,0.001,0.8,0.04,4,3.0,10000,0.0,0.0,1,0.24
himmelblau,0.001,0.8,0.08,4,3.0,10000,0.0,0.0,1,0.221
himmelblau,0.001,0.8,0.12,4,3.0,10000,0.0,0.0,1,0.229
himmelblau,0.001,0.8,0.16,4,3.0,10000,0.0,0.0,1,0.245
himmelblau,0.001,0.8,0.2,4,3.0,10000,0.0,0.0,1,0.226
himmelblau,0.001,0.84,0.0,4,3.0,10000,0.0,0.0,1,0.23
himmelblau,0.001,0.84,0.04,4,3.0,10000,0.0,0.0,1,0.236
himmelblau,0.001,0.84,0.08,4,3.0,10000,0.0,0.0,1,0.232
himmelblau,0.001,0.84,0.12,4,3.0,10000,0.0,0.0,1,0.227
himmelblau,0.001,0.84,0.16,4,3.0,10000,0.0,0.0,1,0.237
himmelblau,0.001,0.84,0.2,4,3.0,10000,0.0,0.0,1,0.224
himmelblau,0.001,0.88,0.0,4,3.0,10000,0.0,0.0,1,0.227
himmelblau,0.001,0.88,0.04,4,3.0,10000,0.0,0.0,1,0.248
himmelblau,0.001,0.88,0.08,4,3.0,10000,0.0,0.0,1,0.217
himmelblau,0.001,0.88,0.12,4,3.0,10000,0.0,0.0,1,0.242
himmelblau,0.001,0.88,0.16,4,3.0,10000,0.0,0.0,1,0.215
himmelblau,0.001,0.88,0.2,4,3.0,10000,0.0,0.0,1,0.276
himmelblau,0.001,0.92,0.0,4,3.0,10000,0.0,0.0,1,0.233
himmelblau,0.001,0.92,0.04,4,3.0,10000,0.0,0.0,1,0.227
himmelblau,0.001,0.92,0.08,4,3.0,10000,0.0,0.0,1,0.237
himmelblau,0.001,0.92,0.12,4,3.0,10000,0.0,0.0,1,0.234
himmelblau,0.001,0.92,0.16,4,3.0,10000,0.0,0.0,1,0.217
himmelblau,0.001,0.92,0.2,4,3.0,10000,0.0,0.0,1,0.252
himmelblau,0.001,0.96,0.0,4,3.0,10000,0.0,0.0,1,0.229
himmelblau,0.001,0.96,0.04,4,3.0,10000,0.0,0.0,1,0.249
himmelblau,0.001,0.96,0.08,4,3.0,10000,0.0,0.0,1,0.21
himmelblau,0.001,0.96,0.12,4,3.0,10000,0.0,0.0,1,0.229
himmelblau,0.001,0.96,0.16,4,3.0,10000,0.0,0.0,1,0.232
himmelblau,0.001,0.96,0.2,4,3.0,10000,0.0,0.0,1,0.236
himmelblau,0.001,1.0,0.0,4,3.0,10000,0.0,0.0,1,0.234
himmelblau,0.001,1.0,0.04,4,3.0,10000,0.0,0.0,1,0.246
himmelblau,0.001,1.0,0.08,4,3.0,10000,0.0,0.0,1,0.217
himmelblau,0.001,1.0,0.12,4,3.0,10000,0.0,0.0,1,0.24
himmelblau,0.001,1.0,0.16,4,3.0,10000,0.0,0.0,1,0.234
himmelblau,0.001,1.0,0.2,4,3.0,10000,0.0,0.0,1,0.24
himmelblau,0.001,0.8,0.0,4,4.0,10000,0.0,0.0,1,0.26
himmelblau,0.001,0.8,0.04,4,4.0,10000,0.0,0.0,1,0.241
himmelblau,0.001,0.8,0.08,4,4.0,10000,0.0,0.0,1,0.219
himmelblau,0.001,0.8,0.12,4,4.0,10000,0.0,0.0,1,0.242
himmelblau,0.001,0.8,0.16,4,4.0,10000,0.0,0.0,1,0.226
himmelblau,0.001,0.8,0.2,4,4.0,10000,0.0,0.0,1,0.242
himmelblau,0.001,0.84,0.0,4,4.0,10000,0.0,0.0,1,0.225
himmelblau,0.001,0.84,0.04,4,4.0,10000,0.0,0.0,1,0.237
himmelblau,0.001,0.84,0.08,4,4.0,10000,0.0,0.0,1,0.213
himmelblau,0.001,0.84,0.12,4,4.0,10000,0.0,0.0,1,0.225
himmelblau,0.001,0.84,0.16,4,4.0,10000,0.0,0.0,1,0.225
himmelblau,0.001,0.84,0.2,4,4.0,10000,0.0,0.0,1,0.229
himmelblau,0.001,0.88,0.0,4,4.0,10000,0.0,0.0,1,0.208
himmelblau,0.001,0.88,0.04,4,4.0,10000,0.0,0.0,1,0.254
himmelblau,0.001,0.88,0.08,4,4.0,10000,0.0,0.0,1,0.228
himmelblau,0.001,0.88,0.12,4,4.0,10000,0.0,0.0,1,0.241
himmelblau,0.001,0.88,0.16,4,4.0,10000,0.0,0.0,1,0.233
himmelblau,0.001,0.88,0.2,4,4.0,10000,0.0,0.0,1,0.23
himmelblau,0.001,0.92,0.0,4,4.0,10000,0.0,0.0,1,0.224
himmelblau,0.001,0.92,0.04,4,4.0,10000,0.0,0.0,1,0.226
himmelblau,0.001,0.92,0.08,4,4.0,10000,0.0,0.0,1,0.235
himmelblau,0.001,0.92,0.12,4,4.0,10000,0.0,0.0,1,0.235
himmelblau,0.001,0.92,0.16,4,4.0,10000,0.0,0.0,1,0.251
himmelblau,0.001,0.92,0.2,4,4.0,10000,0.0,0.0,1,0.208
himmelblau,0.001,0.96,0.0,4,4.0,10000,0.0,0.0,1,0.236
himmelblau,0.001,0.96,0.04,4,4.0,10000,0.0,0.0,1,0.221
himmelblau,0.001,0.96,0.08,4,4.0,10000,0.0,0.0,1,0.24
himmelblau,0.001,0.96,0.12,4,4.0,10000,0.0,0.0,1,0.227
himmelblau,0.001,0.96,0.16,4,4.0,10000,0.0,0.0,1,0.242
himmelblau,0.001,0.96,0.2,4,4.0,10000,0.0,0.0,1,0.222
himmelblau,0.001,1.0,0.0,4,4.0,10000,0.0,0.0,1,0.251
himmelblau,0.001,1.0,0.04,4,4.0,10000,0.0,0.0,1,0.221
himmelblau,0.001,1.0,0.08,4,4.0,10000,0.0,0.0,1,0.257
himmelblau,0.001,1.0,0.12,4,4.0,10000,0.0,0.0,1,0.224
himmelblau,0.001,1.0,0.16,4,4.0,10000,0.0,0.0,1,0.231
himmelblau,0.001,1.0,0.2,4,4.0,10000,0.0,0.0,1,0.223
rosenbrock,0.001,0.5,0.0,4,2.5,10000,0.00014554,0.00014554,1,0.18
rosenbrock,0.001,0.5,0.02,4,2.5,10000,0.00019901,0.00019901,1,0.191
rosenbrock,0.001,0.5,0.04,4,2.5,10000,0.00026526,0.00026526,1,0.19
rosenbrock,0.001,0.5,0.06,4,2.5,10000,0.00034608,0.00034608,1,0.202
rosenbrock,0.001,0.5,0.08,4,2.5,10000,0.00045147,0.00045147,1,0.184
rosenbrock,0.001,0.5,0.1,4,2.5,10000,0.00057206,0.00057206,1,0.203
rosenbrock,0.001,0.6,0.0,4,2.5,10000,0.00014352,0.00014352,1,0.221
rosenbrock,0.001,0.6,0.02,4,2.5,10000,0.0001877,0.0001877,1,0.212
rosenbrock,0.001,0.6,0.04,4,2.5,10000,0.00023881,0.00023881,1,0.218
rosenbrock,0.001,0.6,0.06,4,2.5,10000,0.00030156,0.00030156,1,0.217
rosenbrock,0.001,0.6,0.08,4,2.5,10000,0.00037784,0.00037784,1,0.209
rosenbrock,0.001,0.6,0.1,4,2.5,10000,0.00046209,0.00046209,1,0.209
rosenbrock,0.001,0.7,0.0,4,2.5,10000,0.00014211,0.00014211,1,0.211
rosenbrock,0.001,0.7,0.02,4,2.5,10000,0.00017856,0.00017856,1,0.208
rosenbrock,0.001,0.7,0.04,4,2.5,10000,0.00021984,0.00021984,1,0.236
rosenbrock,0.001,0.7,0.06,4,2.5,10000,0.00026948,0.00026948,1,0.207
rosenbrock,0.001,0.7,0.08,4,2.5,10000,0.00033021,0.00033021,1,0.195
rosenbrock,0.001,0.7,0.1,4,2.5,10000,0.00039518,0.00039518,1,0.23
rosenbrock,0.001,0.8,0.0,4,2.5,10000,0.00014106,0.00014106,1,0.195
rosenbrock,0.001,0.8,0.02,4,2.5,10000,0.0001727,0.0001727,1,0.211
rosenbrock,0.001,0.8,0.04,4,2.5,10000,0.00020799,0.00020799,1,0.195
rosenbrock,0.001,0.8,0.06,4,2.5,10000,0.00024902,0.00024902,1,0.207
rosenbrock,0.001,0.8,0.08,4,2.5,10000,0.0002938,0.0002938,1,0.22
rosenbrock,0.001,0.8,0.1,4,2.5,10000,0.00034794,0.00034794,1,0.213
rosenbrock,0.001,0.9,0.0,4,2.5,10000,0.00014025,0.00014025,1,0.197
rosenbrock,0.001,0.9,0.02,4,2.5,10000,0.00016776,0.00016776,1,0.189
rosenbrock,0.001,0.9,0.04,4,2.5,10000,0.00019872,0.00019872,1,0.216
rosenbrock,0.001,0.9,0.06,4,2.5,10000,0.00023482,0.00023482,1,0.2
rosenbrock,0.001,0.9,0.08,4,2.5,10000,0.00027379,0.00027379,1,0.222
rosenbrock,0.001,0.9,0.1,4,2.5,10000,0.00032023,0.00032023,1,0.192
rosenbrock,0.001,1.0,0.0,4,2.5,10000,0.00013961,0.00013961,1,0.209
rosenbrock,0.001,1.0,0.02,4,2.5,10000,0.0001647,0.0001647,1,0.194
rosenbrock,0.001,1.0,0.04,4,2.5,10000,0.00019055,0.00019055,1,0.192
rosenbrock,0.001,1.0,0.06,4,2.5,10000,0.0002222,0.0002222,1,0.223
rosenbrock,0.001,1.0,0.08,4,2.5,10000,0.00025658,0.00025658,1,0.186
rosenbrock,0.001,1.0,0.1,4,2.5,10000,0.00029432,0.00029432,1,0.232
rosenbrock,0.001,0.5,0.0,4,3.125,10000,0.00014554,0.00014554,1,0.198
rosenbrock,0.001,0.5,0.02,4,3.125,10000,0.00019895,0.00019895,1,0.219
rosenbrock,0.001,0.5,0.04,4,3.125,10000,0.00026478,0.00026478,1,0.194
rosenbrock,0.001,0.5,0.06,4,3.125,10000,0.00034452,0.00034452,1,0.209
rosenbrock,0.001,0.5,0.08,4,3.125,10000,0.00045077,0.00045077,1,0.213
rosenbrock,0.001,0.5,0.1,4,3.125,10000,0.00057171,0.00057171,1,0.19
rosenbrock,0.001,0.6,0.0,4,3.125,10000,0.00014352,0.00014352,1,0.221
rosenbrock,0.001,0.6,0.02,4,3.125,10000,0.00018753,0.00018753,1,0.191
rosenbrock,0.001,0.6,0.04,4,3.125,10000,0.00023838,0.00023838,1,0.215
rosenbrock,0.001,0.6,0.06,4,3.125,10000,0.00030062,0.00030062,1,0.194
rosenbrock,0.001,0.6,0.08,4,3.125,10000,0.00037688,0.00037688,1,0.203
rosenbrock,0.001,0.6,0.1,4,3.125,10000,0.0004606,0.0004606,1,0.21
rosenbrock,0.001,0.7,0.0,4,3.125,10000,0.0001421,0.0001421,1,0.192
rosenbrock,0.001,0.7,0.02,4,3.125,10000,0.00017843,0.00017843,1,0.217
rosenbrock,0.001,0.7,0.04,4,3.125,10000,0.00021954,0.00021954,1,0.206
rosenbrock,0.001,0.7,0.06,4,3.125,10000,0.00026869,0.00026869,1,0.207
rosenbrock,0.001,0.7,0.08,4,3.125,10000,0.00032942,0.00032942,1,0.204
rosenbrock,0.001,0.7,0.1,4,3.125,10000,0.00039399,0.00039399,1,0.2
rosenbrock,0.001,0.8,0.0,4,3.125,10000,0.00014105,0.00014105,1,0.198
rosenbrock,0.001,0.8,0.02,4,3.125,10000,0.00017256,0.00017256,1,0.208
rosenbrock,0.001,0.8,0.04,4,3.125,10000,0.00020776,0.00020776,1,0.216
rosenbrock,0.001,0.8,0.06,4,3.125,10000,0.00024864,0.00024864,1,0.211
rosenbrock,0.001,0.8,0.08,4,3.125,10000,0.00029315,0.00029315,1,0.211
rosenbrock,0.001,0.8,0.1,4,3.125,10000,0.00034751,0.00034751,1,0.205
rosenbrock,0.001,0.9,0.0,4,3.125,10000,0.00014025,0.00014025,1,0.221
rosenbrock,0.001,0.9,0.02,4,3.125,10000,0.00016766,0.00016766,1,0.202
rosenbrock,0.001,0.9,0.04,4,3.125,10000,0.00019851,0.00019851,1,0.195
rosenbrock,0.001,0.9,0.06,4,3.125,10000,0.00023446,0.00023446,1,0.224
rosenbrock,0.001,0.9,0.08,4,3.125,10000,0.00027325,0.00027325,1,0.195
rosenbrock,0.001,0.9,0.1,4,3.125,10000,0.00031882,0.00031882,1,0.217
rosenbrock,0.001,1.0,0.0,4,3.125,10000,0.00013961,0.00013961,1,0.203
rosenbrock,0.001,1.0,0.02,4,3.125,10000,0.00016462,0.00016462,1,0.239
rosenbrock,0.001,1.0,0.04,4,3.125,10000,0.00019032,0.00019032,1,0.212
rosenbrock,0.001,1.0,0.06,4,3.125,10000,0.0002219,0.0002219,1,0.195
rosenbrock,0.001,1.0,0.08,4,3.125,10000,0.00025612,0.00025612,1,0.267
rosenbrock,0.001,1.0,0.1,4,3.125,10000,0.00029364,0.00029364,1,0.209
rosenbrock,0.001,0.5,0.0,4,3.75,10000,0.00014553,0.00014553,1,0.232
rosenbrock,0.001,0.5,0.02,4,3.75,10000,0.00019878,0.00019878,1,0.194
rosenbrock,0.001,0.5,0.04,4,3.75,10000,0.00026435,0.00026435,1,0.218
rosenbrock,0.001,0.5,0.06,4,3.75,10000,0.00034385,0.00034385,1,0.219
rosenbrock,0.001,0.5,0.08,4,3.75,10000,0.00044962,0.00044962,1,0.209
rosenbrock,0.001,0.5,0.1,4,3.75,10000,0.00056955,0.00056955,1,0.202
rosenbrock,0.001,0.6,0.0,4,3.75,10000,0.00014352,0.00014352,1,0.192
rosenbrock,0.001,0.6,0.02,4,3.75,10000,0.00018739,0.00018739,1,0.241
rosenbrock,0.001,0.6,0.04,4,3.75,10000,0.00023803,0.00023803,1,0.185
rosenbrock,0.001,0.6,0.06,4,3.75,10000,0.00029999,0.00029999,1,0.229
rosenbrock,0.001,0.6,0.08,4,3.75,10000,0.00037604,0.00037604,1,0.195
rosenbrock,0.001,0.6,0.1,4,3.75,10000,0.0004587,0.0004587,1,0.222
rosenbrock,0.001,0.7,0.0,4,3.75,10000,0.0001421,0.0001421,1,0.194
rosenbrock,0.001,0.7,0.02,4,3.75,10000,0.00017832,0.00017832,1,0.195
rosenbrock,0.001,0.7,0.04,4,3.75,10000,0.00021989,0.00021989,1,0.209
rosenbrock,0.001,0.7,0.06,4,3.75,10000,0.00026817,0.00026817,1,0.197
rosenbrock,0.001,0.7,0.08,4,3.75,10000,0.00032868,0.00032868,1,0.214
rosenbrock,0.001,0.7,0.1,4,3.75,10000,0.00039291,0.00039291,1,0.205
rosenbrock,0.001,0.8,0.0,4,3.75,10000,0.00014105,0.00014105,1,0.212
rosenbrock,0.001,0.8,0.02,4,3.75,10000,0.00017245,0.00017245,1,0.206
rosenbrock,0.001,0.8,0.04,4,3.75,10000,0.00020754,0.00020754,1,0.262
rosenbrock,0.001,0.8,0.06,4,3.75,10000,0.00024828,0.00024828,1,0.211
rosenbrock,0.001,0.8,0.08,4,3.75,10000,0.00029261,0.00029261,1,0.191
rosenbrock,0.001,0.8,0.1,4,3.75,10000,0.00034715,0.00034715,1,0.211
rosenbrock,0.001,0.9,0.0,4,3.75,10000,0.00014025,0.00014025,1,0.193
rosenbrock,0.001,0.9,0.02,4,3.75,10000,0.00016757,0.00016757,1,0.223
rosenbrock,0.001,0.9,0.04,4,3.75,10000,0.00019831,0.00019831,1,0.192
rosenbrock,0.001,0.9,0.06,4,3.75,10000,0.00023413,0.00023413,1,0.205
rosenbrock,0.001,0.9,0.08,4,3.75,10000,0.00027275,0.00027275,1,0.195
rosenbrock,0.001,0.9,0.1,4,3.75,10000,0.00031814,0.00031814,1,0.211
rosenbrock,0.001,1.0,0.0,4,3.75,10000,0.00013961,0.00013961,1,0.194
rosenbrock,0.001,1.0,0.02,4,3.75,10000,0.00016455,0.00016455,1,0.193
rosenbrock,0.001,1.0,0.04,4,3.75,10000,0.00019075,0.00019075,1,0.231
rosenbrock,0.001,1.0,0.06,4,3.75,10000,0.00022162,0.00022162,1,0.185
rosenbrock,0.001,1.0,0.08,4,3.75,10000,0.00025571,0.00025571,1,0.211
rosenbrock,0.001,1.0,0.1,4,3.75,10000,0.00029305,0.00029305,1,0.19
rosenbrock,0.001,0.5,0.0,4,4.375,10000,0.00014553,0.00014553,1,0.213
rosenbrock,0.001,0.5,0.02,4,4.375,10000,0.00019858,0.00019858,1,0.203
rosenbrock,0.001,0.5,0.04,4,4.375,10000,0.00026397,0.00026397,1,0.199
rosenbrock,0.001,0.5,0.06,4,4.375,10000,0.00034318,0.00034318,1,0.216
rosenbrock,0.001,0.5,0.08,4,4.375,10000,0.00044844,0.00044844,1,0.193
rosenbrock,0.001,0.5,0.1,4,4.375,10000,0.00056827,0.00056827,1,0.218
rosenbrock,0.001,0.6,0.0,4,4.375,10000,0.00014351,0.00014351,1,0.192
rosenbrock,0.001,0.6,0.02,4,4.375,10000,0.00018724,0.00018724,1,0.201
rosenbrock,0.001,0.6,0.04,4,4.375,10000,0.00023773,0.00023773,1,0.201
rosenbrock,0.001,0.6,0.06,4,4.375,10000,0.00029945,0.00029945,1,0.188
rosenbrock,0.001,0.6,0.08,4,4.375,10000,0.00037515,0.00037515,1,0.209
rosenbrock,0.001,0.6,0.1,4,4.375,10000,0.00045795,0.00045795,1,0.212
rosenbrock,0.001,0.7,0.0,4,4.375,10000,0.0001421,0.0001421,1,0.202
rosenbrock,0.001,0.7,0.02,4,4.375,10000,0.00017821,0.00017821,1,0.189
rosenbrock,0.001,0.7,0.04,4,4.375,10000,0.00021962,0.00021962,1,0.193
rosenbrock,0.001,0.7,0.06,4,4.375,10000,0.00026774,0.00026774,1,0.212
rosenbrock,0.001,0.7,0.08,4,4.375,10000,0.00032802,0.00032802,1,0.186
rosenbrock,0.001,0.7,0.1,4,4.375,10000,0.00039195,0.00039195,1,0.208
rosenbrock,0.001,0.8,0.0,4,4.375,10000,0.00014105,0.00014105,1,0.193
rosenbrock,0.001,0.8,0.02,4,4.375,10000,0.00017236,0.00017236,1,0.22
rosenbrock,0.001,0.8,0.04,4,4.375,10000,0.00020735,0.00020735,1,0.19
rosenbrock,0.001,0.8,0.06,4,4.375,10000,0.00024795,0.00024795,1,0.217
rosenbrock,0.001,0.8,0.08,4,4.375,10000,0.00029225,0.00029225,1,0.193
rosenbrock,0.001,0.8,0.1,4,4.375,10000,0.00034684,0.00034684,1,0.192
rosenbrock,0.001,0.9,0.0,4,4.375,10000,0.00014024,0.00014024,1,0.208
rosenbrock,0.001,0.9,0.02,4,4.375,10000,0.00016748,0.00016748,1,0.192
rosenbrock,0.001,0.9,0.04,4,4.375,10000,0.00019814,0.00019814,1,0.202
rosenbrock,0.001,0.9,0.06,4,4.375,10000,0.00023384,0.00023384,1,0.211
rosenbrock,0.001,0.9,0.08,4,4.375,10000,0.00027231,0.00027231,1,0.234
rosenbrock,0.001,0.9,0.1,4,4.375,10000,0.00031756,0.00031756,1,0.214
rosenbrock,0.001,1.0,0.0,4,4.375,10000,0.0001396,0.0001396,1,0.202
rosenbrock,0.001,1.0,0.02,4,4.375,10000,0.00016449,0.00016449,1,0.215
rosenbrock,0.001,1.0,0.04,4,4.375,10000,0.00019058,0.00019058,1,0.187
rosenbrock,0.001,1.0,0.06,4,4.375,10000,0.00022138,0.00022138,1,0.197
rosenbrock,0.001,1.0,0.08,4,4.375,10000,0.00025534,0.00025534,1,0.201
rosenbrock,0.001,1.0,0.1,4,4.375,10000,0.00029253,0.00029253,1,0.206
rosenbrock,0.001,0.5,0.0,4,5.0,10000,0.00014553,0.00014553,1,0.2
rosenbrock,0.001,0.5,0.02,4,5.0,10000,0.00019847,0.00019847,1,0.19
rosenbrock,0.001,0.5,0.04,4,5.0,10000,0.00026363,0.00026363,1,0.193
rosenbrock,0.001,0.5,0.06,4,5.0,10000,0.00034256,0.00034256,1,0.2
rosenbrock,0.001,0.5,0.08,4,5.0,10000,0.00044746,0.00044746,1,0.183
rosenbrock,0.001,0.5,0.1,4,5.0,10000,0.00056692,0.00056692,1,0.203
rosenbrock,0.001,0.6,0.0,4,5.0,10000,0.00014351,0.00014351,1,0.19
rosenbrock,0.001,0.6,0.02,4,5.0,10000,0.00018713,0.00018713,1,0.202
rosenbrock,0.001,0.6,0.04,4,5.0,10000,0.00023746,0.00023746,1,0.204
rosenbrock,0.001,0.6,0.06,4,5.0,10000,0.00029898,0.00029898,1,0.184
rosenbrock,0.001,0.6,0.08,4,5.0,10000,0.00037437,0.00037437,1,0.215
rosenbrock,0.001,0.6,0.1,4,5.0,10000,0.00045694,0.00045694,1,0.194
rosenbrock,0.001,0.7,0.0,4,5.0,10000,0.0001421,0.0001421,1,0.209
rosenbrock,0.001,0.7,0.02,4,5.0,10000,0.00017813,0.00017813,1,0.196
rosenbrock,0.001,0.7,0.04,4,5.0,10000,0.00021939,0.00021939,1,0.185
rosenbrock,0.001,0.7,0.06,4,5.0,10000,0.00026736,0.00026736,1,0.209
rosenbrock,0.001,0.7,0.08,4,5.0,10000,0.00032743,0.00032743,1,0.19
rosenbrock,0.001,0.7,0.1,4,5.0,10000,0.00039108,0.00039108,1,0.207
rosenbrock,0.001,0.8,0.0,4,5.0,10000,0.00014105,0.00014105,1,0.201
rosenbrock,0.001,0.8,0.02,4,5.0,10000,0.00017228,0.00017228,1,0.19
rosenbrock,0.001,0.8,0.04,4,5.0,10000,0.00020718,0.00020718,1,0.198
rosenbrock,0.001,0.8,0.06,4,5.0,10000,0.00024766,0.00024766,1,0.185
rosenbrock,0.001,0.8,0.08,4,5.0,10000,0.00029172,0.00029172,1,0.207
rosenbrock,0.001,0.8,0.1,4,5.0,10000,0.00034626,0.00034626,1,0.208
rosenbrock,0.001,0.9,0.0,4,5.0,10000,0.00014024,0.00014024,1,0.185
rosenbrock,0.001,0.9,0.02,4,5.0,10000,0.00016742,0.00016742,1,0.199
rosenbrock,0.001,0.9,0.04,4,5.0,10000,0.00019799,0.00019799,1,0.186
rosenbrock,0.001,0.9,0.06,4,5.0,10000,0.00023358,0.00023358,1,0.206
rosenbrock,0.001,0.9,0.08,4,5.0,10000,0.00027192,0.00027192,1,0.199
rosenbrock,0.001,0.9,0.1,4,5.0,10000,0.00031702,0.00031702,1,0.195
rosenbrock,0.001,1.0,0.0,4,5.0,10000,0.0001396,0.0001396,1,0.206
rosenbrock,0.001,1.0,0.02,4,5.0,10000,0.00016442,0.00016442,1,0.278
rosenbrock,0.001,1.0,0.04,4,5.0,10000,0.00019045,0.00019045,1,0.24
rosenbrock,0.001,1.0,0.06,4,5.0,10000,0.00022115,0.00022115,1,0.236
rosenbrock,0.001,1.0,0.08,4,5.0,10000,0.000255,0.000255,1,0.209
rosenbrock,0.001,1.0,0.1,4,5.0,10000,0.00029207,0.00029207,1,0.198
rastrigin,0.001,0.5,0.0,4,2.5,10000,17.90920248,17.90920248,0,0.181
rastrigin,0.001,0.5,0.02,4,2.5,10000,17.90920248,17.90920248,0,0.172
rastrigin,0.001,0.5,0.04,4,2.5,10000,17.90920248,17.90920248,0,0.192
rastrigin,0.001,0.5,0.06,4,2.5,10000,17.90920248,17.90920248,0,0.18
rastrigin,0.001,0.5,0.08,4,2.5,10000,17.90920248,17.90920248,0,0.19
rastrigin,0.001,0.5,0.1,4,2.5,10000,17.90920248,17.90920248,0,0.171
rastrigin,0.001,0.6,0.0,4,2.5,10000,17.90920248,17.90920248,0,0.228
rastrigin,0.001,0.6,0.02,4,2.5,10000,17.90920248,17.90920248,0,0.227
rastrigin,0.001,0.6,0.04,4,2.5,10000,17.90920248,17.90920248,0,0.18
rastrigin,0.001,0.6,0.06,4,2.5,10000,17.90920248,17.90920248,0,0.202
rastrigin,0.001,0.6,0.08,4,2.5,10000,17.90920248,17.90920248,0,0.173
rastrigin,0.001,0.6,0.1,4,2.5,10000,17.90920248,17.90920248,0,0.184
rastrigin,0.001,0.7,0.0,4,2.5,10000,17.90920248,17.90920248,0,0.165
rastrigin,0.001,0.7,0.02,4,2.5,10000,17.90920248,17.90920248,0,0.174
rastrigin,0.001,0.7,0.04,4,2.5,10000,17.90920248,17.90920248,0,0.179
rastrigin,0.001,0.7,0.06,4,2.5,10000,17.90920248,17.90920248,0,0.173
rastrigin,0.001,0.7,0.08,4,2.5,10000,17.90920248,17.90920248,0,0.186
rastrigin,0.001,0.7,0.1,4,2.5,10000,17.90920248,17.90920248,0,0.189
rastrigin,0.001,0.8,0.0,4,2.5,10000,17.90920248,17.90920248,0,0.267
rastrigin,0.001,0.8,0.02,4,2.5,10000,17.90920248,17.90920248,0,0.201
rastrigin,0.001,0.8,0.04,4,2.5,10000,17.90920248,17.90920248,0,0.186
rastrigin,0.001,0.8,0.06,4,2.5,10000,17.90920248,17.90920248,0,0.188
rastrigin,0.001,0.8,0.08,4,2.5,10000,17.90920248,17.90920248,0,0.194
rastrigin,0.001,0.8,0.1,4,2.5,10000,17.90920248,17.90920248,0,0.173
rastrigin,0.001,0.9,0.0,4,2.5,10000,17.90920248,17.90920248,0,0.21
rastrigin,0.001,0.9,0.02,4,2.5,10000,17.90920248,17.90920248,0,0.206
rastrigin,0.001,0.9,0.04,4,2.5,10000,17.90920248,17.90920248,0,0.202
rastrigin,0.001,0.9,0.06,4,2.5,10000,17.90920248,17.90920248,0,0.207
rastrigin,0.001,0.9,0.08,4,2.5,10000,17.90920248,17.90920248,0,0.168
rastrigin,0.001,0.9,0.1,4,2.5,10000,17.90920248,17.90920248,0,0.203
rastrigin,0.001,1.0,0.0,4,2.5,10000,17.90920248,17.90920248,0,0.182
rastrigin,0.001,1.0,0.02,4,2.5,10000,17.90920248,17.90920248,0,0.188
rastrigin,0.001,1.0,0.04,4,2.5,10000,17.90920248,17.90920248,0,0.162
rastrigin,0.001,1.0,0.06,4,2.5,10000,17.90920248,17.90920248,0,0.245
rastrigin,0.001,1.0,0.08,4,2.5,10000,17.90920248,17.90920248,0,0.211
rastrigin,0.001,1.0,0.1,4,2.5,10000,17.90920248,17.90920248,0,0.166
rastrigin,0.001,0.5,0.0,4,3.125,10000,17.90920248,17.90920248,0,0.179
rastrigin,0.001,0.5,0.02,4,3.125,10000,17.90920248,17.90920248,0,0.179
rastrigin,0.001,0.5,0.04,4,3.125,10000,17.90920248,17.90920248,0,0.188
rastrigin,0.001,0.5,0.06,4,3.125,10000,17.90920248,17.90920248,0,0.164
rastrigin,0.001,0.5,0.08,4,3.125,10000,17.90920248,17.90920248,0,0.209
rastrigin,0.001,0.5,0.1,4,3.125,10000,17.90920248,17.90920248,0,0.294
rastrigin,0.001,0.6,0.0,4,3.125,10000,17.90920248,17.90920248,0,0.262
rastrigin,0.001,0.6,0.02,4,3.125,10000,17.90920248,17.90920248,0,0.203
rastrigin,0.001,0.6,0.04,4,3.125,10000,17.90920248,17.90920248,0,0.201
rastrigin,0.001,0.6,0.06,4,3.125,10000,17.90920248,17.90920248,0,0.183
rastrigin,0.001,0.6,0.08,4,3.125,10000,17.90920248,17.90920248,0,0.2
rastrigin,0.001,0.6,0.1,4,3.125,10000,17.90920248,17.90920248,0,0.184
rastrigin,0.001,0.7,0.0,4,3.125,10000,17.90920248,17.90920248,0,0.212
rastrigin,0.001,0.7,0.02,4,3.125,10000,17.90920248,17.90920248,0,0.221
rastrigin,0.001,0.7,0.04,4,3.125,10000,17.90920248,17.90920248,0,0.217
rastrigin,0.001,0.7,0.06,4,3.125,10000,17.90920248,17.90920248,0,0.189
rastrigin,0.001,0.7,0.08,4,3.125,10000,17.90920248,17.90920248,0,0.204
rastrigin,0.001,0.7,0.1,4,3.125,10000,17.90920248,17.90920248,0,0.198
rastrigin,0.001,0.8,0.0,4,3.125,10000,17.90920248,17.90920248,0,0.203
rastrigin,0.001,0.8,0.02,4,3.125,10000,17.90920248,17.90920248,0,0.192
rastrigin,0.001,0.8,0.04,4,3.125,10000,17.90920248,17.90920248,0,0.181
rastrigin,0.001,0.8,0.06,4,3.125,10000,17.90920248,17.90920248,0,0.18
rastrigin,0.001,0.8,0.08,4,3.125,10000,17.90920248,17.90920248,0,0.169
rastrigin,0.001,0.8,0.1,4,3.125,10000,17.90920248,17.90920248,0,0.178
rastrigin,0.001,0.9,0.0,4,3.125,10000,17.90920248,17.90920248,0,0.178
rastrigin,0.001,0.9,0.02,4,3.125,10000,17.90920248,17.90920248,0,0.193
rastrigin,0.001,0.9,0.04,4,3.125,10000,17.90920248,17.90920248,0,0.174
rastrigin,0.001,0.9,0.06,4,3.125,10000,17.90920248,17.90920248,0,0.187
rastrigin,0.001,0.9,0.08,4,3.125,10000,17.90920248,17.90920248,0,0.166
rastrigin,0.001,0.9,0.1,4,3.125,10000,17.90920248,17.90920248,0,0.161
rastrigin,0.001,1.0,0.0,4,3.125,10000,17.90920248,17.90920248,0,0.185
rastrigin,0.001,1.0,0.02,4,3.125,10000,17.90920248,17.90920248,0,0.168
rastrigin,0.001,1.0,0.04,4,3.125,10000,17.90920248,17.90920248,0,0.163
rastrigin,0.001,1.0,0.06,4,3.125,10000,17.90920248,17.90920248,0,0.176
rastrigin,0.001,1.0,0.08,4,3.125,10000,17.90920248,17.90920248,0,0.161
rastrigin,0.001,1.0,0.1,4,3.125,10000,17.90920248,17.90920248,0,0.201
rastrigin,0.001,0.5,0.0,4,3.75,10000,17.90920248,17.90920248,0,0.183
rastrigin,0.001,0.5,0.02,4,3.75,10000,17.90920248,17.90920248,0,0.197
rastrigin,0.001,0.5,0.04,4,3.75,10000,17.90920248,17.90920248,0,0.191
rastrigin,0.001,0.5,0.06,4,3.75,10000,17.90920248,17.90920248,0,0.182
rastrigin,0.001,0.5,0.08,4,3.75,10000,17.90920248,17.90920248,0,0.177
rastrigin,0.001,0.5,0.1,4,3.75,10000,17.90920248,17.90920248,0,0.184
rastrigin,0.001,0.6,0.0,4,3.75,10000,17.90920248,17.90920248,0,0.2
rastrigin,0.001,0.6,0.02,4,3.75,10000,17.90920248,17.90920248,0,0.186
rastrigin,0.001,0.6,0.04,4,3.75,10000,17.90920248,17.90920248,0,0.208
rastrigin,0.001,0.6,0.06,4,3.75,10000,17.90920248,17.90920248,0,0.189
rastrigin,0.001,0.6,0.08,4,3.75,10000,17.90920248,17.90920248,0,0.213
rastrigin,0.001,0.6,0.1,4,3.75,10000,17.90920248,17.90920248,0,0.198
rastrigin,0.001,0.7,0.0,4,3.75,10000,17.90920248,17.90920248,0,0.205
rastrigin,0.001,0.7,0.02,4,3.75,10000,17.90920248,17.90920248,0,0.182
rastrigin,0.001,0.7,0.04,4,3.75,10000,17.90920248,17.90920248,0,0.183
rastrigin,0.001,0.7,0.06,4,3.75,10000,17.90920248,17.90920248,0,0.19
rastrigin,0.001,0.7,0.08,4,3.75,10000,17.90920248,17.90920248,0,0.186
rastrigin,0.001,0.7,0.1,4,3.75,10000,17.90920248,17.90920248,0,0.191
rastrigin,0.001,0.8,0.0,4,3.75,10000,17.90920248,17.90920248,0,0.184
rastrigin,0.001,0.8,0.02,4,3.75,10000,17.90920248,17.90920248,0,0.189
rastrigin,0.001,0.8,0.04,4,3.75,10000,17.90920248,17.90920248,0,0.178
rastrigin,0.001,0.8,0.06,4,3.75,10000,17.90920248,17.90920248,0,0.195
rastrigin,0.001,0.8,0.08,4,3.75,10000,17.90920248,17.90920248,0,0.188
rastrigin,0.001,0.8,0.1,4,3.75,10000,17.90920248,17.90920248,0,0.185
rastrigin,0.001,0.9,0.0,4,3.75,10000,17.90920248,17.90920248,0,0.18
rastrigin,0.001,0.9,0.02,4,3.75,10000,17.90920248,17.90920248,0,0.173
rastrigin,0.001,0.9,0.04,4,3.75,10000,17.90920248,17.90920248,0,0.199
rastrigin,0.001,0.9,0.06,4,3.75,10000,17.90920248,17.90920248,0,0.225
rastrigin,0.001,0.9,0.08,4,3.75,10000,17.90920248,17.90920248,0,0.212
rastrigin,0.001,0.9,0.1,4,3.75,10000,17.90920248,17.90920248,0,0.184
rastrigin,0.001,1.0,0.0,4,3.75,10000,17.90920248,17.90920248,0,0.193
rastrigin,0.001,1.0,0.02,4,3.75,10000,17.90920248,17.90920248,0,0.187
rastrigin,0.001,1.0,0.04,4,3.75,10000,17.90920248,17.90920248,0,0.192
rastrigin,0.001,1.0,0.06,4,3.75,10000,17.90920248,17.90920248,0,0.187
rastrigin,0.001,1.0,0.08,4,3.75,10000,17.90920248,17.90920248,0,0.188
rastrigin,0.001,1.0,0.1,4,3.75,10000,17.90920248,17.90920248,0,0.188
rastrigin,0.001,0.5,0.0,4,4.375,10000,17.90920248,17.90920248,0,0.189
rastrigin,0.001,0.5,0.02,4,4.375,10000,17.90920248,17.90920248,0,0.191
rastrigin,0.001,0.5,0.04,4,4.375,10000,17.90920248,17.90920248,0,0.188
rastrigin,0.001,0.5,0.06,4,4.375,10000,17.90920248,17.90920248,0,0.191
rastrigin,0.001,0.5,0.08,4,4.375,10000,17.90920248,17.90920248,0,0.232
rastrigin,0.001,0.5,0.1,4,4.375,10000,17.90920248,17.90920248,0,0.2
rastrigin,0.001,0.6,0.0,4,4.375,10000,17.90920248,17.90920248,0,0.176
rastrigin,0.001,0.6,0.02,4,4.375,10000,17.90920248,17.90920248,0,0.188
rastrigin,0.001,0.6,0.04,4,4.375,10000,17.90920248,17.90920248,0,0.193
rastrigin,0.001,0.6,0.06,4,4.375,10000,17.90920248,17.90920248,0,0.179
rastrigin,0.001,0.6,0.08,4,4.375,10000,17.90920248,17.90920248,0,0.201
rastrigin,0.001,0.6,0.1,4,4.375,10000,17.90920248,17.90920248,0,0.184
rastrigin,0.001,0.7,0.0,4,4.375,10000,17.90920248,17.90920248,0,0.2
rastrigin,0.001,0.7,0.02,4,4.375,10000,17.90920248,17.90920248,0,0.181
rastrigin,0.001,0.7,0.04,4,4.375,10000,17.90920248,17.90920248,0,0.201
rastrigin,0.001,0.7,0.06,4,4.375,10000,17.90920248,17.90920248,0,0.18
rastrigin,0.001,0.7,0.08,4,4.375,10000,17.90920248,17.90920248,0,0.183
rastrigin,0.001,0.7,0.1,4,4.375,10000,17.90920248,17.90920248,0,0.193
rastrigin,0.001,0.8,0.0,4,4.375,10000,17.90920248,17.90920248,0,0.183
rastrigin,0.001,0.8,0.02,4,4.375,10000,17.90920248,17.90920248,0,0.2
rastrigin,0.001,0.8,0.04,4,4.375,10000,17.90920248,17.90920248,0,0.201
rastrigin,0.001,0.8,0.06,4,4.375,10000,17.90920248,17.90920248,0,0.194
rastrigin,0.001,0.8,0.08,4,4.375,10000,17.90920248,17.90920248,0,0.187
rastrigin,0.001,0.8,0.1,4,4.375,10000,17.90920248,17.90920248,0,0.198
rastrigin,0.001,0.9,0.0,4,4.375,10000,17.90920248,17.90920248,0,0.182
rastrigin,0.001,0.9,0.02,4,4.375,10000,17.90920248,17.90920248,0,0.196
rastrigin,0.001,0.9,0.04,4,4.375,10000,17.90920248,17.90920248,0,0.205
rastrigin,0.001,0.9,0.06,4,4.375,10000,17.90920248,17.90920248,0,0.192
rastrigin,0.001,0.9,0.08,4,4.375,10000,17.90920248,17.90920248,0,0.207
rastrigin,0.001,0.9,0.1,4,4.375,10000,17.90920248,17.90920248,0,0.207
rastrigin,0.001,1.0,0.0,4,4.375,10000,17.90920248,17.90920248,0,0.202
rastrigin,0.001,1.0,0.02,4,4.375,10000,17.90920248,17.90920248,0,0.181
rastrigin,0.001,1.0,0.04,4,4.375,10000,17.90920248,17.90920248,0,0.196
rastrigin,0.001,1.0,0.06,4,4.375,10000,17.90920248,17.90920248,0,0.168
rastrigin,0.001,1.0,0.08,4,4.375,10000,17.90920248,17.90920248,0,0.184
rastrigin,0.001,1.0,0.1,4,4.375,10000,17.90920248,17.90920248,0,0.192
rastrigin,0.001,0.5,0.0,4,5.0,10000,17.90920248,17.90920248,0,0.178
rastrigin,0.001,0.5,0.02,4,5.0,10000,17.90920248,17.90920248,0,0.186
rastrigin,0.001,0.5,0.04,4,5.0,10000,17.90920248,17.90920248,0,0.198
rastrigin,0.001,0.5,0.06,4,5.0,10000,17.90920248,17.90920248,0,0.201
rastrigin,0.001,0.5,0.08,4,5.0,10000,17.90920248,17.90920248,0,0.186
rastrigin,0.001,0.5,0.1,4,5.0,10000,17.90920248,17.90920248,0,0.206
rastrigin,0.001,0.6,0.0,4,5.0,10000,17.90920248,17.90920248,0,0.191
rastrigin,0.001,0.6,0.02,4,5.0,10000,17.90920248,17.90920248,0,0.167
rastrigin,0.001,0.6,0.04,4,5.0,10000,17.90920248,17.90920248,0,0.183
rastrigin,0.001,0.6,0.06,4,5.0,10000,17.90920248,17.90920248,0,0.168
rastrigin,0.001,0.6,0.08,4,5.0,10000,17.90920248,17.90920248,0,0.165
rastrigin,0.001,0.6,0.1,4,5.0,10000,17.90920248,17.90920248,0,0.175
rastrigin,0.001,0.7,0.0,4,5.0,10000,17.90920248,17.90920248,0,0.165
rastrigin,0.001,0.7,0.02,4,5.0,10000,17.90920248,17.90920248,0,0.177
rastrigin,0.001,0.7,0.04,4,5.0,10000,17.90920248,17.90920248,0,0.166
rastrigin,0.001,0.7,0.06,4,5.0,10000,17.90920248,17.90920248,0,0.183
rastrigin,0.001,0.7,0.08,4,5.0,10000,17.90920248,17.90920248,0,0.159
rastrigin,0.001,0.7,0.1,4,5.0,10000,17.90920248,17.90920248,0,0.163
rastrigin,0.001,0.8,0.0,4,5.0,10000,17.90920248,17.90920248,0,0.185
rastrigin,0.001,0.8,0.02,4,5.0,10000,17.90920248,17.90920248,0,0.208
rastrigin,0.001,0.8,0.04,4,5.0,10000,17.90920248,17.90920248,0,0.182
rastrigin,0.001,0.8,0.06,4,5.0,10000,17.90920248,17.90920248,0,0.163
rastrigin,0.001,0.8,0.08,4,5.0,10000,17.90920248,17.90920248,0,0.165
rastrigin,0.001,0.8,0.1,4,5.0,10000,17.90920248,17.90920248,0,0.18
rastrigin,0.001,0.9,0.0,4,5.0,10000,17.90920248,17.90920248,0,0.167
rastrigin,0.001,0.9,0.02,4,5.0,10000,17.90920248,17.90920248,0,0.184
rastrigin,0.001,0.9,0.04,4,5.0,10000,17.90920248,17.90920248,0,0.168
rastrigin,0.001,0.9,0.06,4,5.0,10000,17.90920248,17.90920248,0,0.161
rastrigin,0.001,0.9,0.08,4,5.0,10000,17.90920248,17.90920248,0,0.178
rastrigin,0.001,0.9,0.1,4,5.0,10000,17.90920248,17.90920248,0,0.166
rastrigin,0.001,1.0,0.0,4,5.0,10000,17.90920248,17.90920248,0,0.19
rastrigin,0.001,1.0,0.02,4,5.0,10000,17.90920248,17.90920248,0,0.189
rastrigin,0.001,1.0,0.04,4,5.0,10000,17.90920248,17.90920248,0,0.193
rastrigin,0.001,1.0,0.06,4,5.0,10000,17.90920248,17.90920248,0,0.235
rastrigin,0.001,1.0,0.08,4,5.0,10000,17.90920248,17.90920248,0,0.2
rastrigin,0.001,1.0,0.1,4,5.0,10000,17.90920248,17.90920248,0,0.192
himmelblau,0.001,0.5,0.0,4,2.5,10000,0.0,0.0,1,0.287
himmelblau,0.001,0.5,0.02,4,2.5,10000,0.0,0.0,1,0.243
himmelblau,0.001,0.5,0.04,4,2.5,10000,0.0,0.0,1,0.237
himmelblau,0.001,0.5,0.06,4,2.5,10000,0.0,0.0,1,0.284
himmelblau,0.001,0.5,0.08,4,2.5,10000,0.0,0.0,1,0.238
himmelblau,0.001,0.5,0.1,4,2.5,10000,0.0,0.0,1,0.219
himmelblau,0.001,0.6,0.0,4,2.5,10000,0.0,0.0,1,0.239
himmelblau,0.001,0.6,0.02,4,2.5,10000,0.0,0.0,1,0.218
himmelblau,0.001,0.6,0.04,4,2.5,10000,0.0,0.0,1,0.236
himmelblau,0.001,0.6,0.06,4,2.5,10000,0.0,0.0,1,0.224
himmelblau,0.001,0.6,0.08,4,2.5,10000,0.0,0.0,1,0.234
himmelblau,0.001,0.6,0.1,4,2.5,10000,0.0,0.0,1,0.234
himmelblau,0.001,0.7,0.0,4,2.5,10000,0.0,0.0,1,0.241
himmelblau,0.001,0.7,0.02,4,2.5,10000,0.0,0.0,1,0.222
himmelblau,0.001,0.7,0.04,4,2.5,10000,0.0,0.0,1,0.246
himmelblau,0.001,0.7,0.06,4,2.5,10000,0.0,0.0,1,0.223
himmelblau,0.001,0.7,0.08,4,2.5,10000,0.0,0.0,1,0.229
himmelblau,0.001,0.7,0.1,4,2.5,10000,0.0,0.0,1,0.229
himmelblau,0.001,0.8,0.0,4,2.5,10000,0.0,0.0,1,0.229
himmelblau,0.001,0.8,0.02,4,2.5,10000,0.0,0.0,1,0.24
himmelblau,0.001,0.8,0.04,4,2.5,10000,0.0,0.0,1,0.226
himmelblau,0.001,0.8,0.06,4,2.5,10000,0.0,0.0,1,0.238
himmelblau,0.001,0.8,0.08,4,2.5,10000,0.0,0.0,1,0.229
himmelblau,0.001,0.8,0.1,4,2.5,10000,0.0,0.0,1,0.227
himmelblau,0.001,0.9,0.0,4,2.5,10000,0.0,0.0,1,0.217
himmelblau,0.001,0.9,0.02,4,2.5,10000,0.0,0.0,1,0.239
himmelblau,0.001,0.9,0.04,4,2.5,10000,0.0,0.0,1,0.218
himmelblau,0.001,0.9,0.06,4,2.5,10000,0.0,0.0,1,0.238
himmelblau,0.001,0.9,0.08,4,2.5,10000,0.0,0.0,1,0.225
himmelblau,0.001,0.9,0.1,4,2.5,10000,0.0,0.0,1,0.242
himmelblau,0.001,1.0,0.0,4,2.5,10000,0.0,0.0,1,0.264
himmelblau,0.001,1.0,0.02,4,2.5,10000,0.0,0.0,1,0.244
himmelblau,0.001,1.0,0.04,4,2.5,10000,0.0,0.0,1,0.222
himmelblau,0.001,1.0,0.06,4,2.5,10000,0.0,0.0,1,0.25
himmelblau,0.001,1.0,0.08,4,2.5,10000,0.0,0.0,1,0.245
himmelblau,0.001,1.0,0.1,4,2.5,10000,0.0,0.0,1,0.227
himmelblau,0.001,0.5,0.0,4,3.125,10000,0.0,0.0,1,0.223
himmelblau,0.001,0.5,0.02,4,3.125,10000,0.0,0.0,1,0.242
himmelblau,0.001,0.5,0.04,4,3.125,10000,0.0,0.0,1,0.241
himmelblau,0.001,0.5,0.06,4,3.125,10000,0.0,0.0,1,0.231
himmelblau,0.001,0.5,0.08,4,3.125,10000,0.0,0.0,1,0.22
himmelblau,0.001,0.5,0.1,4,3.125,10000,0.0,0.0,1,0.237
himmelblau,0.001,0.6,0.0,4,3.125,10000,0.0,0.0,1,0.222
himmelblau,0.001,0.6,0.02,4,3.125,10000,0.0,0.0,1,0.233
himmelblau,0.001,0.6,0.04,4,3.125,10000,0.0,0.0,1,0.223
himmelblau,0.001,0.6,0.06,4,3.125,10000,0.0,0.0,1,0.249
himmelblau,0.001,0.6,0.08,4,3.125,10000,0.0,0.0,1,0.223
himmelblau,0.001,0.6,0.1,4,3.125,10000,0.0,0.0,1,0.237
himmelblau,0.001,0.7,0.0,4,3.125,10000,0.0,0.0,1,0.233
himmelblau,0.001,0.7,0.02,4,3.125,10000,0.0,0.0,1,0.273
himmelblau,0.001,0.7,0.04,4,3.125,10000,0.0,0.0,1,0.243
himmelblau,0.001,0.7,0.06,4,3.125,10000,0.0,0.0,1,0.247
himmelblau,0.001,0.7,0.08,4,3.125,10000,0.0,0.0,1,0.235
himmelblau,0.001,0.7,0.1,4,3.125,10000,0.0,0.0,1,0.254
himmelblau,0.001,0.8,0.0,4,3.125,10000,0.0,0.0,1,0.221
himmelblau,0.001,0.8,0.02,4,3.125,10000,0.0,0.0,1,0.253
himmelblau,0.001,0.8,0.04,4,3.125,10000,0.0,0.0,1,0.247
himmelblau,0.001,0.8,0.06,4,3.125,10000,0.0,0.0,1,0.247
himmelblau,0.001,0.8,0.08,4,3.125,10000,0.0,0.0,1,0.221
himmelblau,0.001,0.8,0.1,4,3.125,10000,0.0,0.0,1,0.244
himmelblau,0.001,0.9,0.0,4,3.125,10000,0.0,0.0,1,0.223
himmelblau,0.001,0.9,0.02,4,3.125,10000,0.0,0.0,1,0.238
himmelblau,0.001,0.9,0.04,4,3.125,10000,0.0,0.0,1,0.234
himmelblau,0.001,0.9,0.06,4,3.125,10000,0.0,0.0,1,0.238
himmelblau,0.001,0.9,0.08,4,3.125,10000,0.0,0.0,1,0.23
himmelblau,0.001,0.9,0.1,4,3.125,10000,0.0,0.0,1,0.236
himmelblau,0.001,1.0,0.0,4,3.125,10000,0.0,0.0,1,0.221
himmelblau,0.001,1.0,0.02,4,3.125,10000,0.0,0.0,1,0.233
himmelblau,0.001,1.0,0.04,4,3.125,10000,0.0,0.0,1,0.239
himmelblau,0.001,1.0,0.06,4,3.125,10000,0.0,0.0,1,0.247
himmelblau,0.001,1.0,0.08,4,3.125,10000,0.0,0.0,1,0.246
himmelblau,0.001,1.0,0.1,4,3.125,10000,0.0,0.0,1,0.239
himmelblau,0.001,0.5,0.0,4,3.75,10000,0.0,0.0,1,0.239
himmelblau,0.001,0.5,0.02,4,3.75,10000,0.0,0.0,1,0.237
himmelblau,0.001,0.5,0.04,4,3.75,10000,0.0,0.0,1,0.222
himmelblau,0.001,0.5,0.06,4,3.75,10000,0.0,0.0,1,0.25
himmelblau,0.001,0.5,0.08,4,3.75,10000,0.0,0.0,1,0.232
himmelblau,0.001,0.5,0.1,4,3.75,10000,0.0,0.0,1,0.222
himmelblau,0.001,0.6,0.0,4,3.75,10000,0.0,0.0,1,0.246
himmelblau,0.001,0.6,0.02,4,3.75,10000,0.0,0.0,1,0.218
himmelblau,0.001,0.6,0.04,4,3.75,10000,0.0,0.0,1,0.227
himmelblau,0.001,0.6,0.06,4,3.75,10000,0.0,0.0,1,0.222
himmelblau,0.001,0.6,0.08,4,3.75,10000,0.0,0.0,1,0.24
himmelblau,0.001,0.6,0.1,4,3.75,10000,0.0,0.0,1,0.223
himmelblau,0.001,0.7,0.0,4,3.75,10000,0.0,0.0,1,0.229
himmelblau,0.001,0.7,0.02,4,3.75,10000,0.0,0.0,1,0.217
himmelblau,0.001,0.7,0.04,4,3.75,10000,0.0,0.0,1,0.24
himmelblau,0.001,0.7,0.06,4,3.75,10000,0.0,0.0,1,0.22
himmelblau,0.001,0.7,0.08,4,3.75,10000,0.0,0.0,1,0.236
himmelblau,0.001,0.7,0.1,4,3.75,10000,0.0,0.0,1,0.229
himmelblau,0.001,0.8,0.0,4,3.75,10000,0.0,0.0,1,0.236
himmelblau,0.001,0.8,0.02,4,3.75,10000,0.0,0.0,1,0.24
himmelblau,0.001,0.8,0.04,4,3.75,10000,0.0,0.0,1,0.237
himmelblau,0.001,0.8,0.06,4,3.75,10000,0.0,0.0,1,0.258
himmelblau,0.001,0.8,0.08,4,3.75,10000,0.0,0.0,1,0.235
himmelblau,0.001,0.8,0.1,4,3.75,10000,0.0,0.0,1,0.217
himmelblau,0.001,0.9,0.0,4,3.75,10000,0.0,0.0,1,0.237
himmelblau,0.001,0.9,0.02,4,3.75,10000,0.0,0.0,1,0.226
himmelblau,0.001,0.9,0.04,4,3.75,10000,0.0,0.0,1,0.237
himmelblau,0.001,0.9,0.06,4,3.75,10000,0.0,0.0,1,0.238
himmelblau,0.001,0.9,0.08,4,3.75,10000,0.0,0.0,1,0.249
himmelblau,0.001,0.9,0.1,4,3.75,10000,0.0,0.0,1,0.215
himmelblau,0.001,1.0,0.0,4,3.75,10000,0.0,0.0,1,0.236
himmelblau,0.001,1.0,0.02,4,3.75,10000,0.0,0.0,1,0.242
himmelblau,0.001,1.0,0.04,4,3.75,10000,0.0,0.0,1,0.233
himmelblau,0.001,1.0,0.06,4,3.75,10000,0.0,0.0,1,0.224
himmelblau,0.001,1.0,0.08,4,3.75,10000,0.0,0.0,1,0.244
himmelblau,0.001,1.0,0.1,4,3.75,10000,0.0,0.0,1,0.222
himmelblau,0.001,0.5,0.0,4,4.375,10000,0.0,0.0,1,0.236
himmelblau,0.001,0.5,0.02,4,4.375,10000,0.0,0.0,1,0.22
himmelblau,0.001,0.5,0.04,4,4.375,10000,0.0,0.0,1,0.243
himmelblau,0.001,0.5,0.06,4,4.375,10000,0.0,0.0,1,0.225
himmelblau,0.001,0.5,0.08,4,4.375,10000,0.0,0.0,1,0.25
himmelblau,0.001,0.5,0.1,4,4.375,10000,0.0,0.0,1,0.222
himmelblau,0.001,0.6,0.0,4,4.375,10000,0.0,0.0,1,0.269
himmelblau,0.001,0.6,0.02,4,4.375,10000,0.0,0.0,1,0.232
himmelblau,0.001,0.6,0.04,4,4.375,10000,0.0,0.0,1,0.257
himmelblau,0.001,0.6,0.06,4,4.375,10000,0.0,0.0,1,0.225
himmelblau,0.001,0.6,0.08,4,4.375,10000,0.0,0.0,1,0.245
himmelblau,0.001,0.6,0.1,4,4.375,10000,0.0,0.0,1,0.228
himmelblau,0.001,0.7,0.0,4,4.375,10000,0.0,0.0,1,0.233
himmelblau,0.001,0.7,0.02,4,4.375,10000,0.0,0.0,1,0.22
himmelblau,0.001,0.7,0.04,4,4.375,10000,0.0,0.0,1,0.224
himmelblau,0.001,0.7,0.06,4,4.375,10000,0.0,0.0,1,0.231
himmelblau,0.001,0.7,0.08,4,4.375,10000,0.0,0.0,1,0.24
himmelblau,0.001,0.7,0.1,4,4.375,10000,0.0,0.0,1,0.262
himmelblau,0.001,0.8,0.0,4,4.375,10000,0.0,0.0,1,0.225
himmelblau,0.001,0.8,0.02,4,4.375,10000,0.0,0.0,1,0.23
himmelblau,0.001,0.8,0.04,4,4.375,10000,0.0,0.0,1,0.232
himmelblau,0.001,0.8,0.06,4,4.375,10000,0.0,0.0,1,0.23
himmelblau,0.001,0.8,0.08,4,4.375,10000,0.0,0.0,1,0.219
himmelblau,0.001,0.8,0.1,4,4.375,10000,0.0,0.0,1,0.236
himmelblau,0.001,0.9,0.0,4,4.375,10000,0.0,0.0,1,0.219
himmelblau,0.001,0.9,0.02,4,4.375,10000,0.0,0.0,1,0.238
himmelblau,0.001,0.9,0.04,4,4.375,10000,0.0,0.0,1,0.233
himmelblau,0.001,0.9,0.06,4,4.375,10000,0.0,0.0,1,0.246
himmelblau,0.001,0.9,0.08,4,4.375,10000,0.0,0.0,1,0.239
himmelblau,0.001,0.9,0.1,4,4.375,10000,0.0,0.0,1,0.246
himmelblau,0.001,1.0,0.0,4,4.375,10000,0.0,0.0,1,0.221
himmelblau,0.001,1.0,0.02,4,4.375,10000,0.0,0.0,1,0.239
himmelblau,0.001,1.0,0.04,4,4.375,10000,0.0,0.0,1,0.22
himmelblau,0.001,1.0,0.06,4,4.375,10000,0.0,0.0,1,0.243
himmelblau,0.001,1.0,0.08,4,4.375,10000,0.0,0.0,1,0.222
himmelblau,0.001,1.0,0.1,4,4.375,10000,0.0,0.0,1,0.237
himmelblau,0.001,0.5,0.0,4,5.0,10000,0.0,0.0,1,0.226
himmelblau,0.001,0.5,0.02,4,5.0,10000,0.0,0.0,1,0.247
himmelblau,0.001,0.5,0.04,4,5.0,10000,0.0,0.0,1,0.237
himmelblau,0.001,0.5,0.06,4,5.0,10000,0.0,0.0,1,0.241
himmelblau,0.001,0.5,0.08,4,5.0,10000,0.0,0.0,1,0.214
himmelblau,0.001,0.5,0.1,4,5.0,10000,0.0,0.0,1,0.221
himmelblau,0.001,0.6,0.0,4,5.0,10000,0.0,0.0,1,0.214
himmelblau,0.001,0.6,0.02,4,5.0,10000,0.0,0.0,1,0.218
himmelblau,0.001,0.6,0.04,4,5.0,10000,0.0,0.0,1,0.233
himmelblau,0.001,0.6,0.06,4,5.0,10000,0.0,0.0,1,0.217
himmelblau,0.001,0.6,0.08,4,5.0,10000,0.0,0.0,1,0.239
himmelblau,0.001,0.6,0.1,4,5.0,10000,0.0,0.0,1,0.232
himmelblau,0.001,0.7,0.0,4,5.0,10000,0.0,0.0,1,0.225
himmelblau,0.001,0.7,0.02,4,5.0,10000,0.0,0.0,1,0.236
himmelblau,0.001,0.7,0.04,4,5.0,10000,0.0,0.0,1,0.231
himmelblau,0.001,0.7,0.06,4,5.0,10000,0.0,0.0,1,0.22
himmelblau,0.001,0.7,0.08,4,5.0,10000,0.0,0.0,1,0.244
himmelblau,0.001,0.7,0.1,4,5.0,10000,0.0,0.0,1,0.213
himmelblau,0.001,0.8,0.0,4,5.0,10000,0.0,0.0,1,0.236
himmelblau,0.001,0.8,0.02,4,5.0,10000,0.0,0.0,1,0.229
himmelblau,0.001,0.8,0.04,4,5.0,10000,0.0,0.0,1,0.235
himmelblau,0.001,0.8,0.06,4,5.0,10000,0.0,0.0,1,0.222
himmelblau,0.001,0.8,0.08,4,5.0,10000,0.0,0.0,1,0.242
himmelblau,0.001,0.8,0.1,4,5.0,10000,0.0,0.0,1,0.239
himmelblau,0.001,0.9,0.0,4,5.0,10000,0.0,0.0,1,0.21
himmelblau,0.001,0.9,0.02,4,5.0,10000,0.0,0.0,1,0.228
himmelblau,0.001,0.9,0.04,4,5.0,10000,0.0,0.0,1,0.223
himmelblau,0.001,0.9,0.06,4,5.0,10000,0.0,0.0,1,0.234
himmelblau,0.001,0.9,0.08,4,5.0,10000,0.0,0.0,1,0.224
himmelblau,0.001,0.9,0.1,4,5.0,10000,0.0,0.0,1,0.229
himmelblau,0.001,1.0,0.0,4,5.0,10000,0.0,0.0,1,0.23
himmelblau,0.001,1.0,0.02,4,5.0,10000,0.0,0.0,1,0.226
himmelblau,0.001,1.0,0.04,4,5.0,10000,0.0,0.0,1,0.215
himmelblau,0.001,1.0,0.06,4,5.0,10000,0.0,0.0,1,0.237
himmelblau,0.001,1.0,0.08,4,5.0,10000,0.0,0.0,1,0.226
himmelblau,0.001,1.0,0.1,4,5.0,10000,0.0,0.0,1,0.236
rosenbrock,0.001,0.5,0.4,4,2.5,10000,0.00496098,0.00496098,0,0.19
rosenbrock,0.001,0.5,0.52,4,2.5,10000,0.0092137,0.0092137,0,0.206
rosenbrock,0.001,0.5,0.64,4,2.5,10000,0.01381139,0.01381139,0,0.196
rosenbrock,0.001,0.5,0.76,4,2.5,10000,0.02097977,0.02097977,0,0.191
rosenbrock,0.001,0.5,0.88,4,2.5,10000,0.03025011,0.03025011,0,0.21
rosenbrock,0.001,0.5,1.0,4,2.5,10000,0.04182211,0.04182211,0,0.197
rosenbrock,0.001,0.56,0.4,4,2.5,10000,0.00384202,0.00384202,0,0.217
rosenbrock,0.001,0.56,0.52,4,2.5,10000,0.00695373,0.00695373,0,0.194
rosenbrock,0.001,0.56,0.64,4,2.5,10000,0.01167054,0.01167054,0,0.201
rosenbrock,0.001,0.56,0.76,4,2.5,10000,0.01576261,0.01576261,0,0.19
rosenbrock,0.001,0.56,0.88,4,2.5,10000,0.02262707,0.02262707,0,0.209
rosenbrock,0.001,0.56,1.0,4,2.5,10000,0.03118692,0.03118692,0,0.19
rosenbrock,0.001,0.62,0.4,4,2.5,10000,0.00306448,0.00306448,0,0.222
rosenbrock,0.001,0.62,0.52,4,2.5,10000,0.00546227,0.00546227,0,0.238
rosenbrock,0.001,0.62,0.64,4,2.5,10000,0.00897722,0.00897722,0,0.195
rosenbrock,0.001,0.62,0.76,4,2.5,10000,0.06156043,0.01998071,0,0.211
rosenbrock,0.001,0.62,0.88,4,2.5,10000,0.01749088,0.01749088,0,0.191
rosenbrock,0.001,0.62,1.0,4,2.5,10000,0.02403304,0.02403304,0,0.216
rosenbrock,0.001,0.68,0.4,4,2.5,10000,0.00251131,0.00251131,0,0.192
rosenbrock,0.001,0.68,0.52,4,2.5,10000,0.00441159,0.00441159,0,0.201
rosenbrock,0.001,0.68,0.64,4,2.5,10000,0.00711715,0.00711715,0,0.208
rosenbrock,0.001,0.68,0.76,4,2.5,10000,0.01100557,0.01100557,0,0.186
rosenbrock,0.001,0.68,0.88,4,2.5,10000,0.01430646,0.01430646,0,0.213
rosenbrock,0.001,0.68,1.0,4,2.5,10000,0.01901705,0.01901705,0,0.207
rosenbrock,0.001,0.74,0.4,4,2.5,10000,0.02948597,0.00262147,0,0.208
rosenbrock,0.001,0.74,0.52,4,2.5,10000,0.00362753,0.00362753,0,0.194
rosenbrock,0.001,0.74,0.64,4,2.5,10000,0.00580643,0.00580643,0,0.218
rosenbrock,0.001,0.74,0.76,4,2.5,10000,0.00881286,0.00881286,0,0.2
rosenbrock,0.001,0.74,0.88,4,2.5,10000,0.01770311,0.01770311,0,0.191
rosenbrock,0.001,0.74,1.0,4,2.5,10000,0.01538575,0.01538575,0,0.214
rosenbrock,0.001,0.8,0.4,4,2.5,10000,0.01612175,0.00481084,0,0.193
rosenbrock,0.001,0.8,0.52,4,2.5,10000,0.00306581,0.00306581,0,0.197
rosenbrock,0.001,0.8,0.64,4,2.5,10000,0.0048341,0.0048341,0,0.222
rosenbrock,0.001,0.8,0.76,4,2.5,10000,0.00723467,0.00723467,0,0.243
rosenbrock,0.001,0.8,0.88,4,2.5,10000,0.01065161,0.01065161,0,0.2
rosenbrock,0.001,0.8,1.0,4,2.5,10000,0.01267484,0.01267484,0,0.217
rosenbrock,0.001,0.5,0.4,4,2.875,10000,0.00495161,0.00495161,0,0.223
rosenbrock,0.001,0.5,0.52,4,2.875,10000,0.00919604,0.00919604,0,0.193
rosenbrock,0.001,0.5,0.64,4,2.875,10000,0.01381194,0.01381194,0,0.221
rosenbrock,0.001,0.5,0.76,4,2.875,10000,0.02098322,0.02098322,0,0.2
rosenbrock,0.001,0.5,0.88,4,2.875,10000,0.03025661,0.03025661,0,0.216
rosenbrock,0.001,0.5,1.0,4,2.875,10000,0.04183658,0.04183658,0,0.196
rosenbrock,0.001,0.56,0.4,4,2.875,10000,0.00383642,0.00383642,0,0.194
rosenbrock,0.001,0.56,0.52,4,2.875,10000,0.00694234,0.00694234,0,0.215
rosenbrock,0.001,0.56,0.64,4,2.875,10000,0.01170158,0.01170158,0,0.188
rosenbrock,0.001,0.56,0.76,4,2.875,10000,0.01576443,0.01576443,0,0.218
rosenbrock,0.001,0.56,0.88,4,2.875,10000,0.0226305,0.0226305,0,0.192
rosenbrock,0.001,0.56,1.0,4,2.875,10000,0.03119402,0.03119402,0,0.226
rosenbrock,0.001,0.62,0.4,4,2.875,10000,0.00306041,0.00306041,0,0.195
rosenbrock,0.001,0.62,0.52,4,2.875,10000,0.0054542,0.0054542,0,0.191
rosenbrock,0.001,0.62,0.64,4,2.875,10000,0.00895921,0.00895921,0,0.21
rosenbrock,0.001,0.62,0.76,4,2.875,10000,0.01225663,0.01225663,0,0.197
rosenbrock,0.001,0.62,0.88,4,2.875,10000,0.01749222,0.01749222,0,0.215
rosenbrock,0.001,0.62,1.0,4,2.875,10000,0.02403712,0.02403712,0,0.208
rosenbrock,0.001,0.68,0.4,4,2.875,10000,0.00250796,0.00250796,0,0.211
rosenbrock,0.001,0.68,0.52,4,2.875,10000,0.0044046,0.0044046,0,0.197
rosenbrock,0.001,0.68,0.64,4,2.875,10000,0.0071058,0.0071058,0,0.211
rosenbrock,0.001,0.68,0.76,4,2.875,10000,0.01101774,0.01101774,0,0.191
rosenbrock,0.001,0.68,0.88,4,2.875,10000,0.01388744,0.01388744,0,0.187
rosenbrock,0.001,0.68,1.0,4,2.875,10000,0.01901932,0.01901932,0,0.219
rosenbrock,0.001,0.74,0.4,4,2.875,10000,0.01444303,0.00248507,0,0.204
rosenbrock,0.001,0.74,0.52,4,2.875,10000,0.00362215,0.00362215,0,0.234
rosenbrock,0.001,0.74,0.64,4,2.875,10000,0.00579535,0.00579535,0,0.195
rosenbrock,0.001,0.74,0.76,4,2.875,10000,0.00878961,0.00878961,0,0.186
rosenbrock,0.001,0.74,0.88,4,2.875,10000,0.02152938,0.02152938,0,0.223
rosenbrock,0.001,0.74,1.0,4,2.875,10000,0.01538579,0.01538579,0,0.237
rosenbrock,0.001,0.8,0.4,4,2.875,10000,0.01865175,0.00427929,0,0.317
rosenbrock,0.001,0.8,0.52,4,2.875,10000,0.00306155,0.00306155,0,0.293
rosenbrock,0.001,0.8,0.64,4,2.875,10000,0.00482487,0.00482487,0,0.207
rosenbrock,0.001,0.8,0.76,4,2.875,10000,0.00721942,0.00721942,0,0.198
rosenbrock,0.001,0.8,0.88,4,2.875,10000,0.01066049,0.01066049,0,0.267
rosenbrock,0.001,0.8,1.0,4,2.875,10000,0.01267482,0.01267482,0,0.316
rosenbrock,0.001,0.5,0.4,4,3.25,10000,0.00494473,0.00494473,0,0.311
rosenbrock,0.001,0.5,0.52,4,3.25,10000,0.00917848,0.00917848,0,0.295
rosenbrock,0.001,0.5,0.64,4,3.25,10000,0.0138123,0.0138123,0,0.208
rosenbrock,0.001,0.5,0.76,4,3.25,10000,0.02098537,0.02098537,0,0.21
rosenbrock,0.001,0.5,0.88,4,3.25,10000,0.03026165,0.03026165,0,0.197
rosenbrock,0.001,0.5,1.0,4,3.25,10000,0.04184771,0.04184771,0,0.211
rosenbrock,0.001,0.56,0.4,4,3.25,10000,0.00383091,0.00383091,0,0.193
rosenbrock,0.001,0.56,0.52,4,3.25,10000,0.00689312,0.00689312,0,0.208
rosenbrock,0.001,0.56,0.64,4,3.25,10000,0.0117043,0.0117043,0,0.199
rosenbrock,0.001,0.56,0.76,4,3.25,10000,0.0157653,0.0157653,0,0.194
rosenbrock,0.001,0.56,0.88,4,3.25,10000,0.02263262,0.02263262,0,0.208
rosenbrock,0.001,0.56,1.0,4,3.25,10000,0.03119941,0.03119941,0,0.197
rosenbrock,0.001,0.62,0.4,4,3.25,10000,0.00305685,0.00305685,0,0.202
rosenbrock,0.001,0.62,0.52,4,3.25,10000,0.00544562,0.00544562,0,0.213
rosenbrock,0.001,0.62,0.64,4,3.25,10000,0.00894013,0.00894013,0,0.184
rosenbrock,0.001,0.62,0.76,4,3.25,10000,0.0133948,0.01285983,0,0.207
rosenbrock,0.001,0.62,0.88,4,3.25,10000,0.01749274,0.01749274,0,0.192
rosenbrock,0.001,0.62,1.0,4,3.25,10000,0.02403945,0.02403945,0,0.216
rosenbrock,0.001,0.68,0.4,4,3.25,10000,0.00250473,0.00250473,0,0.205
rosenbrock,0.001,0.68,0.52,4,3.25,10000,0.00439523,0.00439523,0,0.19
rosenbrock,0.001,0.68,0.64,4,3.25,10000,0.0070944,0.0070944,0,0.208
rosenbrock,0.001,0.68,0.76,4,3.25,10000,0.01111516,0.01111516,0,0.198
rosenbrock,0.001,0.68,0.88,4,3.25,10000,0.01388783,0.01388783,0,0.21
rosenbrock,0.001,0.68,1.0,4,3.25,10000,0.01902064,0.01902064,0,0.192
rosenbrock,0.001,0.74,0.4,4,3.25,10000,0.03844659,0.00256678,0,0.229
rosenbrock,0.001,0.74,0.52,4,3.25,10000,0.00361671,0.00361671,0,0.238
rosenbrock,0.001,0.74,0.64,4,3.25,10000,0.00578674,0.00578674,0,0.205
rosenbrock,0.001,0.74,0.76,4,3.25,10000,0.00876199,0.00876199,0,0.204
rosenbrock,0.001,0.74,0.88,4,3.25,10000,0.01340137,0.01340137,0,0.196
rosenbrock,0.001,0.74,1.0,4,3.25,10000,0.01538603,0.01538603,0,0.206
rosenbrock,0.001,0.8,0.4,4,3.25,10000,0.01700805,0.00420489,0,0.196
rosenbrock,0.001,0.8,0.52,4,3.25,10000,0.00305666,0.00305666,0,0.209
rosenbrock,0.001,0.8,0.64,4,3.25,10000,0.00481782,0.00481782,0,0.198
rosenbrock,0.001,0.8,0.76,4,3.25,10000,0.00720565,0.00720565,0,0.215
rosenbrock,0.001,0.8,0.88,4,3.25,10000,0.010806,0.010806,0,0.198
rosenbrock,0.001,0.8,1.0,4,3.25,10000,0.01267416,0.01267416,0,0.205
rosenbrock,0.001,0.5,0.4,4,3.625,10000,0.00493923,0.00493923,0,0.216
rosenbrock,0.001,0.5,0.52,4,3.625,10000,0.0091595,0.0091595,0,0.197
rosenbrock,0.001,0.5,0.64,4,3.625,10000,0.01381236,0.01381236,0,0.212
rosenbrock,0.001,0.5,0.76,4,3.625,10000,0.02098643,0.02098643,0,0.19
rosenbrock,0.001,0.5,0.88,4,3.625,10000,0.03026505,0.03026505,0,0.204
rosenbrock,0.001,0.5,1.0,4,3.625,10000,0.04185402,0.04185402,0,0.217
rosenbrock,0.001,0.56,0.4,4,3.625,10000,0.00382573,0.00382573,0,0.21
rosenbrock,0.001,0.56,0.52,4,3.625,10000,0.0068838,0.0068838,0,0.221
rosenbrock,0.001,0.56,0.64,4,3.625,10000,0.01167295,0.01167295,0,0.197
rosenbrock,0.001,0.56,0.76,4,3.625,10000,0.01576551,0.01576551,0,0.218
rosenbrock,0.001,0.56,0.88,4,3.625,10000,0.02263377,0.02263377,0,0.215
rosenbrock,0.001,0.56,1.0,4,3.625,10000,0.0312031,0.0312031,0,0.205
rosenbrock,0.001,0.62,0.4,4,3.625,10000,0.0030516,0.0030516,0,0.206
rosenbrock,0.001,0.62,0.52,4,3.625,10000,0.00543744,0.00543744,0,0.204
rosenbrock,0.001,0.62,0.64,4,3.625,10000,0.00892172,0.00892172,0,0.214
rosenbrock,0.001,0.62,0.76,4,3.625,10000,0.01224315,0.01224315,0,0.193
rosenbrock,0.001,0.62,0.88,4,3.625,10000,0.01749267,0.01749267,0,0.208
rosenbrock,0.001,0.62,1.0,4,3.625,10000,0.02404058,0.02404058,0,0.202
rosenbrock,0.001,0.68,0.4,4,3.625,10000,0.00250162,0.00250162,0,0.198
rosenbrock,0.001,0.68,0.52,4,3.625,10000,0.00438848,0.00438848,0,0.206
rosenbrock,0.001,0.68,0.64,4,3.625,10000,0.00708262,0.00708262,0,0.199
rosenbrock,0.001,0.68,0.76,4,3.625,10000,0.01112472,0.01112472,0,0.208
rosenbrock,0.001,0.68,0.88,4,3.625,10000,0.01388784,0.01388784,0,0.197
rosenbrock,0.001,0.68,1.0,4,3.625,10000,0.01902114,0.01902114,0,0.216
rosenbrock,0.001,0.74,0.4,4,3.625,10000,0.04426659,0.00260522,0,0.192
rosenbrock,0.001,0.74,0.52,4,3.625,10000,0.0036119,0.0036119,0,0.201
rosenbrock,0.001,0.74,0.64,4,3.625,10000,0.00577854,0.00577854,0,0.214
rosenbrock,0.001,0.74,0.76,4,3.625,10000,0.00874901,0.00874901,0,0.2
rosenbrock,0.001,0.74,0.88,4,3.625,10000,0.01358834,0.01358834,0,0.228
rosenbrock,0.001,0.74,1.0,4,3.625,10000,0.01538595,0.01538595,0,0.192
rosenbrock,0.001,0.8,0.4,4,3.625,10000,0.01543638,0.00415976,0,0.211
rosenbrock,0.001,0.8,0.52,4,3.625,10000,0.00305268,0.00305268,0,0.199
rosenbrock,0.001,0.8,0.64,4,3.625,10000,0.00481148,0.00481148,0,0.193
rosenbrock,0.001,0.8,0.76,4,3.625,10000,0.00719332,0.00719332,0,0.217
rosenbrock,0.001,0.8,0.88,4,3.625,10000,0.01085487,0.01085487,0,0.206
rosenbrock,0.001,0.8,1.0,4,3.625,10000,0.01267385,0.01267385,0,0.214
rosenbrock,0.001,0.5,0.4,4,4.0,10000,0.00493355,0.00493355,0,0.193
rosenbrock,0.001,0.5,0.52,4,4.0,10000,0.00914432,0.00914432,0,0.206
rosenbrock,0.001,0.5,0.64,4,4.0,10000,0.01381217,0.01381217,0,0.205
rosenbrock,0.001,0.5,0.76,4,4.0,10000,0.02098692,0.02098692,0,0.192
rosenbrock,0.001,0.5,0.88,4,4.0,10000,0.03026686,0.03026686,0,0.238
rosenbrock,0.001,0.5,1.0,4,4.0,10000,0.04185821,0.04185821,0,0.262
rosenbrock,0.001,0.56,0.4,4,4.0,10000,0.00382099,0.00382099,0,0.196
rosenbrock,0.001,0.56,0.52,4,4.0,10000,0.00691402,0.00691402,0,0.197
rosenbrock,0.001,0.56,0.64,4,4.0,10000,0.01169479,0.01169479,0,0.216
rosenbrock,0.001,0.56,0.76,4,4.0,10000,0.01576525,0.01576525,0,0.194
rosenbrock,0.001,0.56,0.88,4,4.0,10000,0.0226339,0.0226339,0,0.213
rosenbrock,0.001,0.56,1.0,4,4.0,10000,0.03120535,0.03120535,0,0.227
rosenbrock,0.001,0.62,0.4,4,4.0,10000,0.00304809,0.00304809,0,0.222
rosenbrock,0.001,0.62,0.52,4,4.0,10000,0.00542975,0.00542975,0,0.196
rosenbrock,0.001,0.62,0.64,4,4.0,10000,0.00891003,0.00891003,0,0.207
rosenbrock,0.001,0.62,0.76,4,4.0,10000,0.01224212,0.01224212,0,0.211
rosenbrock,0.001,0.62,0.88,4,4.0,10000,0.01749216,0.01749216,0,0.186
rosenbrock,0.001,0.62,1.0,4,4.0,10000,0.02404096,0.02404096,0,0.206
rosenbrock,0.001,0.68,0.4,4,4.0,10000,0.00249893,0.00249893,0,0.19
rosenbrock,0.001,0.68,0.52,4,4.0,10000,0.00438229,0.00438229,0,0.217
rosenbrock,0.001,0.68,0.64,4,4.0,10000,0.0070684,0.0070684,0,0.187
rosenbrock,0.001,0.68,0.76,4,4.0,10000,0.01115231,0.01115231,0,0.202
rosenbrock,0.001,0.68,0.88,4,4.0,10000,0.01388746,0.01388746,0,0.206
rosenbrock,0.001,0.68,1.0,4,4.0,10000,0.01902107,0.01902107,0,0.191
rosenbrock,0.001,0.74,0.4,4,4.0,10000,0.01941968,0.00246646,0,0.218
rosenbrock,0.001,0.74,0.52,4,4.0,10000,0.00360765,0.00360765,0,0.19
rosenbrock,0.001,0.74,0.64,4,4.0,10000,0.00577022,0.00577022,0,0.211
rosenbrock,0.001,0.74,0.76,4,4.0,10000,0.00874104,0.00874104,0,0.194
rosenbrock,0.001,0.74,0.88,4,4.0,10000,0.01393353,0.01393353,0,0.19
rosenbrock,0.001,0.74,1.0,4,4.0,10000,0.01538534,0.01538534,0,0.213
rosenbrock,0.001,0.8,0.4,4,4.0,10000,0.01474503,0.00407827,0,0.206
rosenbrock,0.001,0.8,0.52,4,4.0,10000,0.00304834,0.00304834,0,0.192
rosenbrock,0.001,0.8,0.64,4,4.0,10000,0.00480381,0.00480381,0,0.223
rosenbrock,0.001,0.8,0.76,4,4.0,10000,0.00718121,0.00718121,0,0.19
rosenbrock,0.001,0.8,0.88,4,4.0,10000,0.0109345,0.0109345,0,0.221
rosenbrock,0.001,0.8,1.0,4,4.0,10000,0.01267317,0.01267317,0,0.183
rastrigin,0.001,0.5,0.4,4,2.5,10000,17.90920248,17.90920248,0,0.182
rastrigin,0.001,0.5,0.52,4,2.5,10000,17.90920248,17.90920248,0,0.156
rastrigin,0.001,0.5,0.64,4,2.5,10000,17.90920248,17.90920248,0,0.162
rastrigin,0.001,0.5,0.76,4,2.5,10000,17.90920248,17.90920248,0,0.178
rastrigin,0.001,0.5,0.88,4,2.5,10000,17.90920248,17.90920248,0,0.165
rastrigin,0.001,0.5,1.0,4,2.5,10000,17.90920248,17.90920248,0,0.176
rastrigin,0.001,0.56,0.4,4,2.5,10000,17.90920248,17.90920248,0,0.159
rastrigin,0.001,0.56,0.52,4,2.5,10000,17.90920248,17.90920248,0,0.16
rastrigin,0.001,0.56,0.64,4,2.5,10000,17.90920248,17.90920248,0,0.193
rastrigin,0.001,0.56,0.76,4,2.5,10000,17.90920248,17.90920248,0,0.165
rastrigin,0.001,0.56,0.88,4,2.5,10000,17.90920248,17.90920248,0,0.179
rastrigin,0.001,0.56,1.0,4,2.5,10000,17.90920248,17.90920248,0,0.164
rastrigin,0.001,0.62,0.4,4,2.5,10000,17.90920248,17.90920248,0,0.17
rastrigin,0.001,0.62,0.52,4,2.5,10000,17.90920248,17.90920248,0,0.172
rastrigin,0.001,0.62,0.64,4,2.5,10000,17.90920248,17.90920248,0,0.162
rastrigin,0.001,0.62,0.76,4,2.5,10000,17.90920248,17.90920248,0,0.162
rastrigin,0.001,0.62,0.88,4,2.5,10000,17.90920248,17.90920248,0,0.166
rastrigin,0.001,0.62,1.0,4,2.5,10000,17.90920248,17.90920248,0,0.156
rastrigin,0.001,0.68,0.4,4,2.5,10000,17.90920248,17.90920248,0,0.176
rastrigin,0.001,0.68,0.52,4,2.5,10000,17.90920248,17.90920248,0,0.162
rastrigin,0.001,0.68,0.64,4,2.5,10000,17.90920248,17.90920248,0,0.162
rastrigin,0.001,0.68,0.76,4,2.5,10000,17.90920248,17.90920248,0,0.179
rastrigin,0.001,0.68,0.88,4,2.5,10000,17.90920248,17.90920248,0,0.154
rastrigin,0.001,0.68,1.0,4,2.5,10000,17.90920248,17.90920248,0,0.175
rastrigin,0.001,0.74,0.4,4,2.5,10000,17.90920248,17.90920248,0,0.158
rastrigin,0.001,0.74,0.52,4,2.5,10000,17.90920248,17.90920248,0,0.158
rastrigin,0.001,0.74,0.64,4,2.5,10000,17.90920248,17.90920248,0,0.181
rastrigin,0.001,0.74,0.76,4,2.5,10000,17.90920248,17.90920248,0,0.155
rastrigin,0.001,0.74,0.88,4,2.5,10000,17.90920248,17.90920248,0,0.171
rastrigin,0.001,0.74,1.0,4,2.5,10000,17.90920248,17.90920248,0,0.158
rastrigin,0.001,0.8,0.4,4,2.5,10000,17.90920248,17.90920248,0,0.155
rastrigin,0.001,0.8,0.52,4,2.5,10000,17.90920248,17.90920248,0,0.173
rastrigin,0.001,0.8,0.64,4,2.5,10000,17.90920248,17.90920248,0,0.164
rastrigin,0.001,0.8,0.76,4,2.5,10000,17.90920248,17.90920248,0,0.185
rastrigin,0.001,0.8,0.88,4,2.5,10000,17.90920248,17.90920248,0,0.181
rastrigin,0.001,0.8,1.0,4,2.5,10000,17.90920248,17.90920248,0,0.146
rastrigin,0.001,0.5,0.4,4,2.875,10000,17.90920248,17.90920248,0,0.217
rastrigin,0.001,0.5,0.52,4,2.875,10000,17.90920248,17.90920248,0,0.154
rastrigin,0.001,0.5,0.64,4,2.875,10000,17.90920248,17.90920248,0,0.185
rastrigin,0.001,0.5,0.76,4,2.875,10000,17.90920248,17.90920248,0,0.154
rastrigin,0.001,0.5,0.88,4,2.875,10000,17.90920248,17.90920248,0,0.155
rastrigin,0.001,0.5,1.0,4,2.875,10000,17.90920248,17.90920248,0,0.209
rastrigin,0.001,0.56,0.4,4,2.875,10000,17.90920248,17.90920248,0,0.172
rastrigin,0.001,0.56,0.52,4,2.875,10000,17.90920248,17.90920248,0,0.183
rastrigin,0.001,0.56,0.64,4,2.875,10000,17.90920248,17.90920248,0,0.154
rastrigin,0.001,0.56,0.76,4,2.875,10000,17.90920248,17.90920248,0,0.173
rastrigin,0.001,0.56,0.88,4,2.875,10000,17.90920248,17.90920248,0,0.166
rastrigin,0.001,0.56,1.0,4,2.875,10000,17.90920248,17.90920248,0,0.179
rastrigin,0.001,0.62,0.4,4,2.875,10000,17.90920248,17.90920248,0,0.168
rastrigin,0.001,0.62,0.52,4,2.875,10000,17.90920248,17.90920248,0,0.155
rastrigin,0.001,0.62,0.64,4,2.875,10000,17.90920248,17.90920248,0,0.184
rastrigin,0.001,0.62,0.76,4,2.875,10000,17.90920248,17.90920248,0,0.168
rastrigin,0.001,0.62,0.88,4,2.875,10000,17.90920248,17.90920248,0,0.159
rastrigin,0.001,0.62,1.0,4,2.875,10000,17.90920248,17.90920248,0,0.178
rastrigin,0.001,0.68,0.4,4,2.875,10000,17.90920248,17.90920248,0,0.157
rastrigin,0.001,0.68,0.52,4,2.875,10000,17.90920248,17.90920248,0,0.181
rastrigin,0.001,0.68,0.64,4,2.875,10000,17.90920248,17.90920248,0,0.158
rastrigin,0.001,0.68,0.76,4,2.875,10000,17.90920248,17.90920248,0,0.157
rastrigin,0.001,0.68,0.88,4,2.875,10000,17.90920248,17.90920248,0,0.187
rastrigin,0.001,0.68,1.0,4,2.875,10000,17.90920248,17.90920248,0,0.165
rastrigin,0.001,0.74,0.4,4,2.875,10000,17.90920248,17.90920248,0,0.177
rastrigin,0.001,0.74,0.52,4,2.875,10000,17.90920248,17.90920248,0,0.168
rastrigin,0.001,0.74,0.64,4,2.875,10000,17.90920248,17.90920248,0,0.161
rastrigin,0.001,0.74,0.76,4,2.875,10000,17.90920248,17.90920248,0,0.181
rastrigin,0.001,0.74,0.88,4,2.875,10000,17.90920248,17.90920248,0,0.155
rastrigin,0.001,0.74,1.0,4,2.875,10000,17.90920248,17.90920248,0,0.162
rastrigin,0.001,0.8,0.4,4,2.875,10000,17.90920248,17.90920248,0,0.17
rastrigin,0.001,0.8,0.52,4,2.875,10000,17.90920248,17.90920248,0,0.168
rastrigin,0.001,0.8,0.64,4,2.875,10000,17.90920248,17.90920248,0,0.183
rastrigin,0.001,0.8,0.76,4,2.875,10000,17.90920248,17.90920248,0,0.173
rastrigin,0.001,0.8,0.88,4,2.875,10000,17.90920248,17.90920248,0,0.16
rastrigin,0.001,0.8,1.0,4,2.875,10000,17.90920248,17.90920248,0,0.157
rastrigin,0.001,0.5,0.4,4,3.25,10000,17.90920248,17.90920248,0,0.157
rastrigin,0.001,0.5,0.52,4,3.25,10000,17.90920248,17.90920248,0,0.181
rastrigin,0.001,0.5,0.64,4,3.25,10000,17.90920248,17.90920248,0,0.173
rastrigin,0.001,0.5,0.76,4,3.25,10000,17.90920248,17.90920248,0,0.178
rastrigin,0.001,0.5,0.88,4,3.25,10000,17.90920248,17.90920248,0,0.164
rastrigin,0.001,0.5,1.0,4,3.25,10000,17.90920248,17.90920248,0,0.159
rastrigin,0.001,0.56,0.4,4,3.25,10000,17.90920248,17.90920248,0,0.172
rastrigin,0.001,0.56,0.52,4,3.25,10000,17.90920248,17.90920248,0,0.176
rastrigin,0.001,0.56,0.64,4,3.25,10000,17.90920248,17.90920248,0,0.165
rastrigin,0.001,0.56,0.76,4,3.25,10000,17.90920248,17.90920248,0,0.164
rastrigin,0.001,0.56,0.88,4,3.25,10000,17.90920248,17.90920248,0,0.151
rastrigin,0.001,0.56,1.0,4,3.25,10000,17.90920248,17.90920248,0,0.183
rastrigin,0.001,0.62,0.4,4,3.25,10000,17.90920248,17.90920248,0,0.163
rastrigin,0.001,0.62,0.52,4,3.25,10000,17.90920248,17.90920248,0,0.166
rastrigin,0.001,0.62,0.64,4,3.25,10000,17.90920248,17.90920248,0,0.163
rastrigin,0.001,0.62,0.76,4,3.25,10000,17.90920248,17.90920248,0,0.16
rastrigin,0.001,0.62,0.88,4,3.25,10000,17.90920248,17.90920248,0,0.174
rastrigin,0.001,0.62,1.0,4,3.25,10000,17.90920248,17.90920248,0,0.176
rastrigin,0.001,0.68,0.4,4,3.25,10000,17.90920248,17.90920248,0,0.174
rastrigin,0.001,0.68,0.52,4,3.25,10000,17.90920248,17.90920248,0,0.184
rastrigin,0.001,0.68,0.64,4,3.25,10000,17.90920248,17.90920248,0,0.153
rastrigin,0.001,0.68,0.76,4,3.25,10000,17.90920248,17.90920248,0,0.179
rastrigin,0.001,0.68,0.88,4,3.25,10000,17.90920248,17.90920248,0,0.157
rastrigin,0.001,0.68,1.0,4,3.25,10000,17.90920248,17.90920248,0,0.155
rastrigin,0.001,0.74,0.4,4,3.25,10000,17.90920248,17.90920248,0,0.181
rastrigin,0.001,0.74,0.52,4,3.25,10000,17.90920248,17.90920248,0,0.161
rastrigin,0.001,0.74,0.64,4,3.25,10000,17.90920248,17.90920248,0,0.168
rastrigin,0.001,0.74,0.76,4,3.25,10000,17.90920248,17.90920248,0,0.179
rastrigin,0.001,0.74,0.88,4,3.25,10000,17.90920248,17.90920248,0,0.156
rastrigin,0.001,0.74,1.0,4,3.25,10000,17.90920248,17.90920248,0,0.182
rastrigin,0.001,0.8,0.4,4,3.25,10000,17.90920248,17.90920248,0,0.172
rastrigin,0.001,0.8,0.52,4,3.25,10000,17.90920248,17.90920248,0,0.197
rastrigin,0.001,0.8,0.64,4,3.25,10000,17.90920248,17.90920248,0,0.163
rastrigin,0.001,0.8,0.76,4,3.25,10000,17.90920248,17.90920248,0,0.177
rastrigin,0.001,0.8,0.88,4,3.25,10000,17.90920248,17.90920248,0,0.175
rastrigin,0.001,0.8,1.0,4,3.25,10000,17.90920248,17.90920248,0,0.166
rastrigin,0.001,0.5,0.4,4,3.625,10000,17.90920248,17.90920248,0,0.225
rastrigin,0.001,0.5,0.52,4,3.625,10000,17.90920248,17.90920248,0,0.187
rastrigin,0.001,0.5,0.64,4,3.625,10000,17.90920248,17.90920248,0,0.194
rastrigin,0.001,0.5,0.76,4,3.625,10000,17.90920248,17.90920248,0,0.184
rastrigin,0.001,0.5,0.88,4,3.625,10000,17.90920248,17.90920248,0,0.164
rastrigin,0.001,0.5,1.0,4,3.625,10000,17.90920248,17.90920248,0,0.153
rastrigin,0.001,0.56,0.4,4,3.625,10000,17.90920248,17.90920248,0,0.209
rastrigin,0.001,0.56,0.52,4,3.625,10000,17.90920248,17.90920248,0,0.188
rastrigin,0.001,0.56,0.64,4,3.625,10000,17.90920248,17.90920248,0,0.176
rastrigin,0.001,0.56,0.76,4,3.625,10000,17.90920248,17.90920248,0,0.18
rastrigin,0.001,0.56,0.88,4,3.625,10000,17.90920248,17.90920248,0,0.161
rastrigin,0.001,0.56,1.0,4,3.625,10000,17.90920248,17.90920248,0,0.189
rastrigin,0.001,0.62,0.4,4,3.625,10000,17.90920248,17.90920248,0,0.174
rastrigin,0.001,0.62,0.52,4,3.625,10000,17.90920248,17.90920248,0,0.148
rastrigin,0.001,0.62,0.64,4,3.625,10000,17.90920248,17.90920248,0,0.174
rastrigin,0.001,0.62,0.76,4,3.625,10000,17.90920248,17.90920248,0,0.171
rastrigin,0.001,0.62,0.88,4,3.625,10000,17.90920248,17.90920248,0,0.166
rastrigin,0.001,0.62,1.0,4,3.625,10000,17.90920248,17.90920248,0,0.176
rastrigin,0.001,0.68,0.4,4,3.625,10000,17.90920248,17.90920248,0,0.16
rastrigin,0.001,0.68,0.52,4,3.625,10000,17.90920248,17.90920248,0,0.176
rastrigin,0.001,0.68,0.64,4,3.625,10000,17.90920248,17.90920248,0,0.188
rastrigin,0.001,0.68,0.76,4,3.625,10000,17.90920248,17.90920248,0,0.157
rastrigin,0.001,0.68,0.88,4,3.625,10000,17.90920248,17.90920248,0,0.177
rastrigin,0.001,0.68,1.0,4,3.625,10000,17.90920248,17.90920248,0,0.16
rastrigin,0.001,0.74,0.4,4,3.625,10000,17.90920248,17.90920248,0,0.189
rastrigin,0.001,0.74,0.52,4,3.625,10000,17.90920248,17.90920248,0,0.169
rastrigin,0.001,0.74,0.64,4,3.625,10000,17.90920248,17.90920248,0,0.183
rastrigin,0.001,0.74,0.76,4,3.625,10000,17.90920248,17.90920248,0,0.173
rastrigin,0.001,0.74,0.88,4,3.625,10000,17.90920248,17.90920248,0,0.172
rastrigin,0.001,0.74,1.0,4,3.625,10000,17.90920248,17.90920248,0,0.187
rastrigin,0.001,0.8,0.4,4,3.625,10000,17.90920248,17.90920248,0,0.171
rastrigin,0.001,0.8,0.52,4,3.625,10000,17.90920248,17.90920248,0,0.194
rastrigin,0.001,0.8,0.64,4,3.625,10000,17.90920248,17.90920248,0,0.167
rastrigin,0.001,0.8,0.76,4,3.625,10000,17.90920248,17.90920248,0,0.173
rastrigin,0.001,0.8,0.88,4,3.625,10000,17.90920248,17.90920248,0,0.187
rastrigin,0.001,0.8,1.0,4,3.625,10000,17.90920248,17.90920248,0,0.177
rastrigin,0.001,0.5,0.4,4,4.0,10000,17.90920248,17.90920248,0,0.193
rastrigin,0.001,0.5,0.52,4,4.0,10000,17.90920248,17.90920248,0,0.175
rastrigin,0.001,0.5,0.64,4,4.0,10000,17.90920248,17.90920248,0,0.189
rastrigin,0.001,0.5,0.76,4,4.0,10000,17.90920248,17.90920248,0,0.185
rastrigin,0.001,0.5,0.88,4,4.0,10000,17.90920248,17.90920248,0,0.207
rastrigin,0.001,0.5,1.0,4,4.0,10000,17.90920248,17.90920248,0,0.175
rastrigin,0.001,0.56,0.4,4,4.0,10000,17.90920248,17.90920248,0,0.175
rastrigin,0.001,0.56,0.52,4,4.0,10000,17.90920248,17.90920248,0,0.185
rastrigin,0.001,0.56,0.64,4,4.0,10000,17.90920248,17.90920248,0,0.162
rastrigin,0.001,0.56,0.76,4,4.0,10000,17.90920248,17.90920248,0,0.19
rastrigin,0.001,0.56,0.88,4,4.0,10000,17.90920248,17.90920248,0,0.169
rastrigin,0.001,0.56,1.0,4,4.0,10000,17.90920248,17.90920248,0,0.17
rastrigin,0.001,0.62,0.4,4,4.0,10000,17.90920248,17.90920248,0,0.202
rastrigin,0.001,0.62,0.52,4,4.0,10000,17.90920248,17.90920248,0,0.166
rastrigin,0.001,0.62,0.64,4,4.0,10000,17.90920248,17.90920248,0,0.197
rastrigin,0.001,0.62,0.76,4,4.0,10000,17.90920248,17.90920248,0,0.162
rastrigin,0.001,0.62,0.88,4,4.0,10000,17.90920248,17.90920248,0,0.192
rastrigin,0.001,0.62,1.0,4,4.0,10000,17.90920248,17.90920248,0,0.167
rastrigin,0.001,0.68,0.4,4,4.0,10000,17.90920248,17.90920248,0,0.165
rastrigin,0.001,0.68,0.52,4,4.0,10000,17.90920248,17.90920248,0,0.191
rastrigin,0.001,0.68,0.64,4,4.0,10000,17.90920248,17.90920248,0,0.193
rastrigin,0.001,0.68,0.76,4,4.0,10000,17.90920248,17.90920248,0,0.189
rastrigin,0.001,0.68,0.88,4,4.0,10000,17.90920248,17.90920248,0,0.204
rastrigin,0.001,0.68,1.0,4,4.0,10000,17.90920248,17.90920248,0,0.203
rastrigin,0.001,0.74,0.4,4,4.0,10000,17.90920248,17.90920248,0,0.193
rastrigin,0.001,0.74,0.52,4,4.0,10000,17.90920248,17.90920248,0,0.176
rastrigin,0.001,0.74,0.64,4,4.0,10000,17.90920248,17.90920248,0,0.168
rastrigin,0.001,0.74,0.76,4,4.0,10000,17.90920248,17.90920248,0,0.17
rastrigin,0.001,0.74,0.88,4,4.0,10000,17.90920248,17.90920248,0,0.201
rastrigin,0.001,0.74,1.0,4,4.0,10000,17.90920248,17.90920248,0,0.162
rastrigin,0.001,0.8,0.4,4,4.0,10000,17.90920248,17.90920248,0,0.191
rastrigin,0.001,0.8,0.52,4,4.0,10000,17.90920248,17.90920248,0,0.166
rastrigin,0.001,0.8,0.64,4,4.0,10000,17.90920248,17.90920248,0,0.166
rastrigin,0.001,0.8,0.76,4,4.0,10000,17.90920248,17.90920248,0,0.198
rastrigin,0.001,0.8,0.88,4,4.0,10000,17.90920248,17.90920248,0,0.168
rastrigin,0.001,0.8,1.0,4,4.0,10000,17.90920248,17.90920248,0,0.188
himmelblau,0.001,0.5,0.4,4,2.5,10000,0.0,0.0,1,0.239
himmelblau,0.001,0.5,0.52,4,2.5,10000,0.0,0.0,1,0.244
himmelblau,0.001,0.5,0.64,4,2.5,10000,0.0,0.0,1,0.223
himmelblau,0.001,0.5,0.76,4,2.5,10000,0.0,0.0,1,0.237
himmelblau,0.001,0.5,0.88,4,2.5,10000,0.0,0.0,1,0.227
himmelblau,0.001,0.5,1.0,4,2.5,10000,0.0,0.0,1,0.252
himmelblau,0.001,0.56,0.4,4,2.5,10000,0.0,0.0,1,0.229
himmelblau,0.001,0.56,0.52,4,2.5,10000,0.0,0.0,1,0.251
himmelblau,0.001,0.56,0.64,4,2.5,10000,0.0,0.0,1,0.233
himmelblau,0.001,0.56,0.76,4,2.5,10000,0.0,0.0,1,0.231
himmelblau,0.001,0.56,0.88,4,2.5,10000,0.0,0.0,1,0.237
himmelblau,0.001,0.56,1.0,4,2.5,10000,0.0,0.0,1,0.248
himmelblau,0.001,0.62,0.4,4,2.5,10000,0.0,0.0,1,0.228
himmelblau,0.001,0.62,0.52,4,2.5,10000,0.0,0.0,1,0.231
himmelblau,0.001,0.62,0.64,4,2.5,10000,0.0,0.0,1,0.223
himmelblau,0.001,0.62,0.76,4,2.5,10000,0.0,0.0,1,0.234
himmelblau,0.001,0.62,0.88,4,2.5,10000,0.0,0.0,1,0.238
himmelblau,0.001,0.62,1.0,4,2.5,10000,0.0,0.0,1,0.255
himmelblau,0.001,0.68,0.4,4,2.5,10000,0.0,0.0,1,0.225
himmelblau,0.001,0.68,0.52,4,2.5,10000,0.0,0.0,1,0.265
himmelblau,0.001,0.68,0.64,4,2.5,10000,0.0,0.0,1,0.257
himmelblau,0.001,0.68,0.76,4,2.5,10000,0.0,0.0,1,0.25
himmelblau,0.001,0.68,0.88,4,2.5,10000,0.0,0.0,1,0.237
himmelblau,0.001,0.68,1.0,4,2.5,10000,0.0,0.0,1,0.248
himmelblau,0.001,0.74,0.4,4,2.5,10000,0.0,0.0,1,0.233
himmelblau,0.001,0.74,0.52,4,2.5,10000,0.0,0.0,1,0.262
himmelblau,0.001,0.74,0.64,4,2.5,10000,0.0,0.0,1,0.232
himmelblau,0.001,0.74,0.76,4,2.5,10000,0.0,0.0,1,0.258
himmelblau,0.001,0.74,0.88,4,2.5,10000,0.0,0.0,1,0.224
himmelblau,0.001,0.74,1.0,4,2.5,10000,0.0,0.0,1,0.251
himmelblau,0.001,0.8,0.4,4,2.5,10000,0.0,0.0,1,0.231
himmelblau,0.001,0.8,0.52,4,2.5,10000,0.0,0.0,1,0.25
himmelblau,0.001,0.8,0.64,4,2.5,10000,0.0,0.0,1,0.282
himmelblau,0.001,0.8,0.76,4,2.5,10000,0.0,0.0,1,0.252
himmelblau,0.001,0.8,0.88,4,2.5,10000,0.0,0.0,1,0.234
himmelblau,0.001,0.8,1.0,4,2.5,10000,0.0,0.0,1,0.247
himmelblau,0.001,0.5,0.4,4,2.875,10000,0.0,0.0,1,0.228
himmelblau,0.001,0.5,0.52,4,2.875,10000,0.0,0.0,1,0.248
himmelblau,0.001,0.5,0.64,4,2.875,10000,0.0,0.0,1,0.217
himmelblau,0.001,0.5,0.76,4,2.875,10000,0.0,0.0,1,0.255
himmelblau,0.001,0.5,0.88,4,2.875,10000,0.0,0.0,1,0.238
himmelblau,0.001,0.5,1.0,4,2.875,10000,0.0,0.0,1,0.241
himmelblau,0.001,0.56,0.4,4,2.875,10000,0.0,0.0,1,0.222
himmelblau,0.001,0.56,0.52,4,2.875,10000,0.0,0.0,1,0.25
himmelblau,0.001,0.56,0.64,4,2.875,10000,0.0,0.0,1,0.218
himmelblau,0.001,0.56,0.76,4,2.875,10000,0.0,0.0,1,0.247
himmelblau,0.001,0.56,0.88,4,2.875,10000,0.0,0.0,1,0.225
himmelblau,0.001,0.56,1.0,4,2.875,10000,0.0,0.0,1,0.239
himmelblau,0.001,0.62,0.4,4,2.875,10000,0.0,0.0,1,0.229
himmelblau,0.001,0.62,0.52,4,2.875,10000,0.0,0.0,1,0.232
himmelblau,0.001,0.62,0.64,4,2.875,10000,0.0,0.0,1,0.219
himmelblau,0.001,0.62,0.76,4,2.875,10000,0.0,0.0,1,0.254
himmelblau,0.001,0.62,0.88,4,2.875,10000,0.0,0.0,1,0.254
himmelblau,0.001,0.62,1.0,4,2.875,10000,0.0,0.0,1,0.252
himmelblau,0.001,0.68,0.4,4,2.875,10000,0.0,0.0,1,0.219
himmelblau,0.001,0.68,0.52,4,2.875,10000,0.0,0.0,1,0.24
himmelblau,0.001,0.68,0.64,4,2.875,10000,0.0,0.0,1,0.233
himmelblau,0.001,0.68,0.76,4,2.875,10000,0.0,0.0,1,0.252
himmelblau,0.001,0.68,0.88,4,2.875,10000,0.0,0.0,1,0.23
himmelblau,0.001,0.68,1.0,4,2.875,10000,0.0,0.0,1,0.255
himmelblau,0.001,0.74,0.4,4,2.875,10000,0.0,0.0,1,0.234
himmelblau,0.001,0.74,0.52,4,2.875,10000,0.0,0.0,1,0.238
himmelblau,0.001,0.74,0.64,4,2.875,10000,0.0,0.0,1,0.222
himmelblau,0.001,0.74,0.76,4,2.875,10000,0.0,0.0,1,0.278
himmelblau,0.001,0.74,0.88,4,2.875,10000,0.0,0.0,1,0.255
himmelblau,0.001,0.74,1.0,4,2.875,10000,0.0,0.0,1,0.255
himmelblau,0.001,0.8,0.4,4,2.875,10000,0.0,0.0,1,0.216
himmelblau,0.001,0.8,0.52,4,2.875,10000,0.0,0.0,1,0.242
himmelblau,0.001,0.8,0.64,4,2.875,10000,0.0,0.0,1,0.22
himmelblau,0.001,0.8,0.76,4,2.875,10000,0.0,0.0,1,0.234
himmelblau,0.001,0.8,0.88,4,2.875,10000,0.0,0.0,1,0.239
himmelblau,0.001,0.8,1.0,4,2.875,10000,0.0,0.0,1,0.248
himmelblau,0.001,0.5,0.4,4,3.25,10000,0.0,0.0,1,0.241
himmelblau,0.001,0.5,0.52,4,3.25,10000,0.0,0.0,1,0.258
himmelblau,0.001,0.5,0.64,4,3.25,10000,0.0,0.0,1,0.249
himmelblau,0.001,0.5,0.76,4,3.25,10000,0.0,0.0,1,0.258
himmelblau,0.001,0.5,0.88,4,3.25,10000,0.0,0.0,1,0.239
himmelblau,0.001,0.5,1.0,4,3.25,10000,0.0,0.0,1,0.247
himmelblau,0.001,0.56,0.4,4,3.25,10000,0.0,0.0,1,0.255
himmelblau,0.001,0.56,0.52,4,3.25,10000,0.0,0.0,1,0.257
himmelblau,0.001,0.56,0.64,4,3.25,10000,0.0,0.0,1,0.251
himmelblau,0.001,0.56,0.76,4,3.25,10000,0.0,0.0,1,0.242
himmelblau,0.001,0.56,0.88,4,3.25,10000,0.0,0.0,1,0.245
himmelblau,0.001,0.56,1.0,4,3.25,10000,0.0,0.0,1,0.25
himmelblau,0.001,0.62,0.4,4,3.25,10000,0.0,0.0,1,0.261
himmelblau,0.001,0.62,0.52,4,3.25,10000,0.0,0.0,1,0.24
himmelblau,0.001,0.62,0.64,4,3.25,10000,0.0,0.0,1,0.27
himmelblau,0.001,0.62,0.76,4,3.25,10000,0.0,0.0,1,0.258
himmelblau,0.001,0.62,0.88,4,3.25,10000,0.0,0.0,1,0.248
himmelblau,0.001,0.62,1.0,4,3.25,10000,0.0,0.0,1,0.243
himmelblau,0.001,0.68,0.4,4,3.25,10000,0.0,0.0,1,0.294
himmelblau,0.001,0.68,0.52,4,3.25,10000,0.0,0.0,1,0.266
himmelblau,0.001,0.68,0.64,4,3.25,10000,0.0,0.0,1,0.309
himmelblau,0.001,0.68,0.76,4,3.25,10000,0.0,0.0,1,0.289
himmelblau,0.001,0.68,0.88,4,3.25,10000,0.0,0.0,1,0.269
himmelblau,0.001,0.68,1.0,4,3.25,10000,0.0,0.0,1,0.273
himmelblau,0.001,0.74,0.4,4,3.25,10000,0.0,0.0,1,0.276
himmelblau,0.001,0.74,0.52,4,3.25,10000,0.0,0.0,1,0.284
himmelblau,0.001,0.74,0.64,4,3.25,10000,0.0,0.0,1,0.252
himmelblau,0.001,0.74,0.76,4,3.25,10000,0.0,0.0,1,0.262
himmelblau,0.001,0.74,0.88,4,3.25,10000,0.0,0.0,1,0.254
himmelblau,0.001,0.74,1.0,4,3.25,10000,0.0,0.0,1,0.261
himmelblau,0.001,0.8,0.4,4,3.25,10000,0.0,0.0,1,0.268
himmelblau,0.001,0.8,0.52,4,3.25,10000,0.0,0.0,1,0.263
himmelblau,0.001,0.8,0.64,4,3.25,10000,0.0,0.0,1,0.27
himmelblau,0.001,0.8,0.76,4,3.25,10000,0.0,0.0,1,0.241
himmelblau,0.001,0.8,0.88,4,3.25,10000,0.0,0.0,1,0.25
himmelblau,0.001,0.8,1.0,4,3.25,10000,0.0,0.0,1,0.268
himmelblau,0.001,0.5,0.4,4,3.625,10000,0.0,0.0,1,0.29
himmelblau,0.001,0.5,0.52,4,3.625,10000,0.0,0.0,1,0.27
himmelblau,0.001,0.5,0.64,4,3.625,10000,0.0,0.0,1,0.243
himmelblau,0.001,0.5,0.76,4,3.625,10000,0.0,0.0,1,0.271
himmelblau,0.001,0.5,0.88,4,3.625,10000,0.0,0.0,1,0.254
himmelblau,0.001,0.5,1.0,4,3.625,10000,0.0,0.0,1,0.264
himmelblau,0.001,0.56,0.4,4,3.625,10000,0.0,0.0,1,0.271
himmelblau,0.001,0.56,0.52,4,3.625,10000,0.0,0.0,1,0.255
himmelblau,0.001,0.56,0.64,4,3.625,10000,0.0,0.0,1,0.242
himmelblau,0.001,0.56,0.76,4,3.625,10000,0.0,0.0,1,0.254
himmelblau,0.001,0.56,0.88,4,3.625,10000,0.0,0.0,1,0.244
himmelblau,0.001,0.56,1.0,4,3.625,10000,0.0,0.0,1,0.258
himmelblau,0.001,0.62,0.4,4,3.625,10000,0.0,0.0,1,0.247
himmelblau,0.001,0.62,0.52,4,3.625,10000,0.0,0.0,1,0.257
himmelblau,0.001,0.62,0.64,4,3.625,10000,0.0,0.0,1,0.244
himmelblau,0.001,0.62,0.76,4,3.625,10000,0.0,0.0,1,0.259
himmelblau,0.001,0.62,0.88,4,3.625,10000,0.0,0.0,1,0.251
himmelblau,0.001,0.62,1.0,4,3.625,10000,0.0,0.0,1,0.26
himmelblau,0.001,0.68,0.4,4,3.625,10000,0.0,0.0,1,0.253
himmelblau,0.001,0.68,0.52,4,3.625,10000,0.0,0.0,1,0.249
himmelblau,0.001,0.68,0.64,4,3.625,10000,0.0,0.0,1,0.253
himmelblau,0.001,0.68,0.76,4,3.625,10000,0.0,0.0,1,0.25
himmelblau,0.001,0.68,0.88,4,3.625,10000,0.0,0.0,1,0.26
himmelblau,0.001,0.68,1.0,4,3.625,10000,0.0,0.0,1,0.244
himmelblau,0.001,0.74,0.4,4,3.625,10000,0.0,0.0,1,0.253
himmelblau,0.001,0.74,0.52,4,3.625,10000,0.0,0.0,1,0.241
himmelblau,0.001,0.74,0.64,4,3.625,10000,0.0,0.0,1,0.264
himmelblau,0.001,0.74,0.76,4,3.625,10000,0.0,0.0,1,0.244
himmelblau,0.001,0.74,0.88,4,3.625,10000,0.0,0.0,1,0.258
himmelblau,0.001,0.74,1.0,4,3.625,10000,0.0,0.0,1,0.245
himmelblau,0.001,0.8,0.4,4,3.625,10000,0.0,0.0,1,0.256
himmelblau,0.001,0.8,0.52,4,3.625,10000,0.0,0.0,1,0.238
himmelblau,0.001,0.8,0.64,4,3.625,10000,0.0,0.0,1,0.248
himmelblau,0.001,0.8,0.76,4,3.625,10000,0.0,0.0,1,0.241
himmelblau,0.001,0.8,0.88,4,3.625,10000,0.0,0.0,1,0.263
himmelblau,0.001,0.8,1.0,4,3.625,10000,0.0,0.0,1,0.249
himmelblau,0.001,0.5,0.4,4,4.0,10000,0.0,0.0,1,0.258
himmelblau,0.001,0.5,0.52,4,4.0,10000,0.0,0.0,1,0.239
himmelblau,0.001,0.5,0.64,4,4.0,10000,0.0,0.0,1,0.253
himmelblau,0.001,0.5,0.76,4,4.0,10000,0.0,0.0,1,0.295
himmelblau,0.001,0.5,0.88,4,4.0,10000,0.0,0.0,1,0.255
himmelblau,0.001,0.5,1.0,4,4.0,10000,0.0,0.0,1,0.284
himmelblau,0.001,0.56,0.4,4,4.0,10000,0.0,0.0,1,0.239
himmelblau,0.001,0.56,0.52,4,4.0,10000,0.0,0.0,1,0.254
himmelblau,0.001,0.56,0.64,4,4.0,10000,0.0,0.0,1,0.251
himmelblau,0.001,0.56,0.76,4,4.0,10000,0.0,0.0,1,0.26
himmelblau,0.001,0.56,0.88,4,4.0,10000,0.0,0.0,1,0.235
himmelblau,0.001,0.56,1.0,4,4.0,10000,0.0,0.0,1,0.265
himmelblau,0.001,0.62,0.4,4,4.0,10000,0.0,0.0,1,0.244
himmelblau,0.001,0.62,0.52,4,4.0,10000,0.0,0.0,1,0.26
himmelblau,0.001,0.62,0.64,4,4.0,10000,0.0,0.0,1,0.242
himmelblau,0.001,0.62,0.76,4,4.0,10000,0.0,0.0,1,0.26
himmelblau,0.001,0.62,0.88,4,4.0,10000,0.0,0.0,1,0.25
himmelblau,0.001,0.62,1.0,4,4.0,10000,0.0,0.0,1,0.254
himmelblau,0.001,0.68,0.4,4,4.0,10000,0.0,0.0,1,0.244
himmelblau,0.001,0.68,0.52,4,4.0,10000,0.0,0.0,1,0.257
himmelblau,0.001,0.68,0.64,4,4.0,10000,0.0,0.0,1,0.249
himmelblau,0.001,0.68,0.76,4,4.0,10000,0.0,0.0,1,0.248
himmelblau,0.001,0.68,0.88,4,4.0,10000,0.0,0.0,1,0.24
himmelblau,0.001,0.68,1.0,4,4.0,10000,0.0,0.0,1,0.261
himmelblau,0.001,0.74,0.4,4,4.0,10000,0.0,0.0,1,0.256
himmelblau,0.001,0.74,0.52,4,4.0,10000,0.0,0.0,1,0.239
himmelblau,0.001,0.74,0.64,4,4.0,10000,0.0,0.0,1,0.249
himmelblau,0.001,0.74,0.76,4,4.0,10000,0.0,0.0,1,0.252
himmelblau,0.001,0.74,0.88,4,4.0,10000,0.0,0.0,1,0.262
himmelblau,0.001,0.74,1.0,4,4.0,10000,0.0,0.0,1,0.241
himmelblau,0.001,0.8,0.4,4,4.0,10000,0.0,0.0,1,0.262
himmelblau,0.001,0.8,0.52,4,4.0,10000,0.0,0.0,1,0.322
himmelblau,0.001,0.8,0.64,4,4.0,10000,0.0,0.0,1,0.255
himmelblau,0.001,0.8,0.76,4,4.0,10000,0.0,0.0,1,0.239
himmelblau,0.001,0.8,0.88,4,4.0,10000,0.0,0.0,1,0.254
himmelblau,0.001,0.8,1.0,4,4.0,10000,0.0,0.0,1,0.239
rosenbrock,0.001,0.3,0.0,4,4.0,10000,0.00015405,0.00015405,1,0.207
rosenbrock,0.001,0.3,0.08,4,4.0,10000,0.0009176,0.0009176,1,0.206
rosenbrock,0.001,0.3,0.16,4,4.0,10000,0.01948903,0.00270527,0,0.235
rosenbrock,0.001,0.3,0.24,4,4.0,10000,0.00520993,0.00520993,0,0.218
rosenbrock,0.001,0.3,0.32,4,4.0,10000,0.01008394,0.01008394,0,0.2
rosenbrock,0.001,0.3,0.4,4,4.0,10000,0.02161535,0.02161535,0,0.222
rosenbrock,0.001,0.42,0.0,4,4.0,10000,0.00014789,0.00014789,1,0.201
rosenbrock,0.001,0.42,0.08,4,4.0,10000,0.00055653,0.00055653,1,0.215
rosenbrock,0.001,0.42,0.16,4,4.0,10000,0.00239399,0.00239399,0,0.188
rosenbrock,0.001,0.42,0.24,4,4.0,10000,0.00245092,0.00245092,0,0.196
rosenbrock,0.001,0.42,0.32,4,4.0,10000,0.0045061,0.0045061,0,0.219
rosenbrock,0.001,0.42,0.4,4,4.0,10000,0.00747673,0.00747673,0,0.22
rosenbrock,0.001,0.54,0.0,4,4.0,10000,0.00014463,0.00014463,1,0.223
rosenbrock,0.001,0.54,0.08,4,4.0,10000,0.00040971,0.00040971,1,0.204
rosenbrock,0.001,0.54,0.16,4,4.0,10000,0.00105607,0.00105607,0,0.214
rosenbrock,0.001,0.54,0.24,4,4.0,10000,0.00676551,0.00501109,0,0.215
rosenbrock,0.001,0.54,0.32,4,4.0,10000,0.0025856,0.0025856,0,0.214
rosenbrock,0.001,0.54,0.4,4,4.0,10000,0.00414516,0.00414516,0,0.235
rosenbrock,0.001,0.66,0.0,4,4.0,10000,0.00014261,0.00014261,1,0.183
rosenbrock,0.001,0.66,0.08,4,4.0,10000,0.00034497,0.00034497,1,0.229
rosenbrock,0.001,0.66,0.16,4,4.0,10000,0.00074348,0.00074348,1,0.206
rosenbrock,0.001,0.66,0.24,4,4.0,10000,0.00165344,0.00165344,0,0.882
rosenbrock,0.001,0.66,0.32,4,4.0,10000,0.02868276,0.00312185,0,0.935
rosenbrock,0.001,0.66,0.4,4,4.0,10000,0.00265937,0.00265937,0,0.911
rosenbrock,0.001,0.78,0.0,4,4.0,10000,0.00014124,0.00014124,1,0.958
rosenbrock,0.001,0.78,0.08,4,4.0,10000,0.00030111,0.00030111,1,0.432
rosenbrock,0.001,0.78,0.16,4,4.0,10000,0.00058483,0.00058483,1,0.307
rosenbrock,0.001,0.78,0.24,4,4.0,10000,0.00108012,0.00108012,0,0.44
rosenbrock,0.001,0.78,0.32,4,4.0,10000,0.00307014,0.00307014,0,0.281
rosenbrock,0.001,0.78,0.4,4,4.0,10000,0.02520968,0.00354712,0,0.226
rosenbrock,0.001,0.9,0.0,4,4.0,10000,0.00014024,0.00014024,1,0.2
rosenbrock,0.001,0.9,0.08,4,4.0,10000,0.00027257,0.00027257,1,0.218
rosenbrock,0.001,0.9,0.16,4,4.0,10000,0.00049339,0.00049339,1,0.201
rosenbrock,0.001,0.9,0.24,4,4.0,10000,0.00083487,0.00083487,1,0.215
rosenbrock,0.001,0.9,0.32,4,4.0,10000,0.00146254,0.00146254,0,0.2
rosenbrock,0.001,0.9,0.4,4,4.0,10000,0.00491136,0.00491136,0,0.2
rosenbrock,0.001,0.3,0.0,4,5.0,10000,0.00015405,0.00015405,1,0.214
rosenbrock,0.001,0.3,0.08,4,5.0,10000,0.00091175,0.00091175,1,0.2
rosenbrock,0.001,0.3,0.16,4,5.0,10000,0.00348076,0.00245242,0,0.223
rosenbrock,0.001,0.3,0.24,4,5.0,10000,0.00518817,0.00518817,0,0.192
rosenbrock,0.001,0.3,0.32,4,5.0,10000,0.01004891,0.01004891,0,0.217
rosenbrock,0.001,0.3,0.4,4,5.0,10000,0.02108203,0.02108203,0,0.209
rosenbrock,0.001,0.42,0.0,4,5.0,10000,0.00014789,0.00014789,1,0.206
rosenbrock,0.001,0.42,0.08,4,5.0,10000,0.00055269,0.00055269,1,0.211
rosenbrock,0.001,0.42,0.16,4,5.0,10000,0.00212866,0.00212866,0,0.194
rosenbrock,0.001,0.42,0.24,4,5.0,10000,0.00244444,0.00244444,0,0.218
rosenbrock,0.001,0.42,0.32,4,5.0,10000,0.00449289,0.00449289,0,0.198
rosenbrock,0.001,0.42,0.4,4,5.0,10000,0.00745235,0.00745235,0,0.205
rosenbrock,0.001,0.54,0.0,4,5.0,10000,0.00014463,0.00014463,1,0.213
rosenbrock,0.001,0.54,0.08,4,5.0,10000,0.00040709,0.00040709,1,0.205
rosenbrock,0.001,0.54,0.16,4,5.0,10000,0.00104745,0.00104745,0,0.22
rosenbrock,0.001,0.54,0.24,4,5.0,10000,0.00588686,0.00510841,0,0.202
rosenbrock,0.001,0.54,0.32,4,5.0,10000,0.00257871,0.00257871,0,0.221
rosenbrock,0.001,0.54,0.4,4,5.0,10000,0.00413317,0.00413317,0,0.201
rosenbrock,0.001,0.66,0.0,4,5.0,10000,0.00014261,0.00014261,1,0.224
rosenbrock,0.001,0.66,0.08,4,5.0,10000,0.00034391,0.00034391,1,0.221
rosenbrock,0.001,0.66,0.16,4,5.0,10000,0.0007396,0.0007396,1,0.202
rosenbrock,0.001,0.66,0.24,4,5.0,10000,0.00156541,0.00156541,0,0.215
rosenbrock,0.001,0.66,0.32,4,5.0,10000,0.026824,0.00285778,0,0.201
rosenbrock,0.001,0.66,0.4,4,5.0,10000,0.00265274,0.00265274,0,0.222
rosenbrock,0.001,0.78,0.0,4,5.0,10000,0.00014124,0.00014124,1,0.19
rosenbrock,0.001,0.78,0.08,4,5.0,10000,0.00030036,0.00030036,1,0.227
rosenbrock,0.001,0.78,0.16,4,5.0,10000,0.000582,0.000582,1,0.214
rosenbrock,0.001,0.78,0.24,4,5.0,10000,0.00107411,0.00107411,0,0.222
rosenbrock,0.001,0.78,0.32,4,5.0,10000,0.00247418,0.00247418,0,0.255
rosenbrock,0.001,0.78,0.4,4,5.0,10000,0.02766424,0.00307896,0,0.253
rosenbrock,0.001,0.9,0.0,4,5.0,10000,0.00014024,0.00014024,1,0.232
rosenbrock,0.001,0.9,0.08,4,5.0,10000,0.00027192,0.00027192,1,0.796
rosenbrock,0.001,0.9,0.16,4,5.0,10000,0.00049114,0.00049114,1,0.97
rosenbrock,0.001,0.9,0.24,4,5.0,10000,0.00083232,0.00083232,1,0.964
rosenbrock,0.001,0.9,0.32,4,5.0,10000,0.00141337,0.00141337,0,1.014
rosenbrock,0.001,0.9,0.4,4,5.0,10000,0.00490066,0.00490066,0,0.906
rosenbrock,0.001,0.3,0.0,4,6.0,10000,0.00015404,0.00015404,1,0.9
rosenbrock,0.001,0.3,0.08,4,6.0,10000,0.00090706,0.00090706,1,0.918
rosenbrock,0.001,0.3,0.16,4,6.0,10000,0.0062476,0.00259392,0,0.927
rosenbrock,0.001,0.3,0.24,4,6.0,10000,0.00517648,0.00517648,0,0.926
rosenbrock,0.001,0.3,0.32,4,6.0,10000,0.01002165,0.01002165,0,0.908
rosenbrock,0.001,0.3,0.4,4,6.0,10000,0.02002853,0.02002853,0,0.881
rosenbrock,0.001,0.42,0.0,4,6.0,10000,0.00014788,0.00014788,1,0.303
rosenbrock,0.001,0.42,0.08,4,6.0,10000,0.00055045,0.00055045,1,0.32
rosenbrock,0.001,0.42,0.16,4,6.0,10000,0.00212021,0.00212021,0,0.333
rosenbrock,0.001,0.42,0.24,4,6.0,10000,0.00243973,0.00243973,0,0.269
rosenbrock,0.001,0.42,0.32,4,6.0,10000,0.00448229,0.00448229,0,0.246
rosenbrock,0.001,0.42,0.4,4,6.0,10000,0.00743109,0.00743109,0,0.221
rosenbrock,0.001,0.54,0.0,4,6.0,10000,0.00014462,0.00014462,1,0.237
rosenbrock,0.001,0.54,0.08,4,6.0,10000,0.00040589,0.00040589,1,0.232
rosenbrock,0.001,0.54,0.16,4,6.0,10000,0.00103996,0.00103996,0,0.243
rosenbrock,0.001,0.54,0.24,4,6.0,10000,0.00585807,0.00481072,0,0.215
rosenbrock,0.001,0.54,0.32,4,6.0,10000,0.00257305,0.00257305,0,0.217
rosenbrock,0.001,0.54,0.4,4,6.0,10000,0.00412314,0.00412314,0,0.222
rosenbrock,0.001,0.66,0.0,4,6.0,10000,0.0001426,0.0001426,1,0.228
rosenbrock,0.001,0.66,0.08,4,6.0,10000,0.00034301,0.00034301,1,0.217
rosenbrock,0.001,0.66,0.16,4,6.0,10000,0.00073557,0.00073557,1,0.228
rosenbrock,0.001,0.66,0.24,4,6.0,10000,0.00154887,0.00154887,0,0.214
rosenbrock,0.001,0.66,0.32,4,6.0,10000,0.02296813,0.00267582,0,0.215
rosenbrock,0.001,0.66,0.4,4,6.0,10000,0.00264703,0.00264703,0,0.221
rosenbrock,0.001,0.78,0.0,4,6.0,10000,0.00014123,0.00014123,1,0.213
rosenbrock,0.001,0.78,0.08,4,6.0,10000,0.00029969,0.00029969,1,0.231
rosenbrock,0.001,0.78,0.16,4,6.0,10000,0.0005796,0.0005796,1,0.273
rosenbrock,0.001,0.78,0.24,4,6.0,10000,0.00106626,0.00106626,0,0.273
rosenbrock,0.001,0.78,0.32,4,6.0,10000,0.00262851,0.00262851,0,0.383
rosenbrock,0.001,0.78,0.4,4,6.0,10000,0.0207887,0.00310062,0,0.266
rosenbrock,0.001,0.9,0.0,4,6.0,10000,0.00014024,0.00014024,1,0.233
rosenbrock,0.001,0.9,0.08,4,6.0,10000,0.00027137,0.00027137,1,0.222
rosenbrock,0.001,0.9,0.16,4,6.0,10000,0.00048921,0.00048921,1,0.232
rosenbrock,0.001,0.9,0.24,4,6.0,10000,0.00082704,0.00082704,1,0.23
rosenbrock,0.001,0.9,0.32,4,6.0,10000,0.00140551,0.00140551,0,0.231
rosenbrock,0.001,0.9,0.4,4,6.0,10000,0.0048676,0.0048676,0,0.217
rosenbrock,0.001,0.3,0.0,4,7.0,10000,0.00015404,0.00015404,1,0.233
rosenbrock,0.001,0.3,0.08,4,7.0,10000,0.00090322,0.00090322,1,0.227
rosenbrock,0.001,0.3,0.16,4,7.0,10000,0.00352072,0.00249808,0,0.24
rosenbrock,0.001,0.3,0.24,4,7.0,10000,0.00517109,0.00517109,0,0.218
rosenbrock,0.001,0.3,0.32,4,7.0,10000,0.00999882,0.00999882,0,0.215
rosenbrock,0.001,0.3,0.4,4,7.0,10000,0.02121701,0.02121701,0,0.243
rosenbrock,0.001,0.42,0.0,4,7.0,10000,0.00014788,0.00014788,1,0.219
rosenbrock,0.001,0.42,0.08,4,7.0,10000,0.00054872,0.00054872,1,0.229
rosenbrock,0.001,0.42,0.16,4,7.0,10000,0.00208921,0.00208921,0,0.214
rosenbrock,0.001,0.42,0.24,4,7.0,10000,0.00243551,0.00243551,0,0.231
rosenbrock,0.001,0.42,0.32,4,7.0,10000,0.00447397,0.00447397,0,0.227
rosenbrock,0.001,0.42,0.4,4,7.0,10000,0.00741327,0.00741327,0,0.234
rosenbrock,0.001,0.54,0.0,4,7.0,10000,0.00014462,0.00014462,1,0.226
rosenbrock,0.001,0.54,0.08,4,7.0,10000,0.00040497,0.00040497,1,0.231
rosenbrock,0.001,0.54,0.16,4,7.0,10000,0.00103502,0.00103502,0,0.224
rosenbrock,0.001,0.54,0.24,4,7.0,10000,0.0055459,0.00474063,0,0.234
rosenbrock,0.001,0.54,0.32,4,7.0,10000,0.00256831,0.00256831,0,0.225
rosenbrock,0.001,0.54,0.4,4,7.0,10000,0.00411452,0.00411452,0,0.213
rosenbrock,0.001,0.66,0.0,4,7.0,10000,0.0001426,0.0001426,1,0.229
rosenbrock,0.001,0.66,0.08,4,7.0,10000,0.00034223,0.00034223,1,0.23
rosenbrock,0.001,0.66,0.16,4,7.0,10000,0.00073269,0.00073269,1,0.218
rosenbrock,0.001,0.66,0.24,4,7.0,10000,0.00164047,0.00164047,0,0.218
rosenbrock,0.001,0.66,0.32,4,7.0,10000,0.01774061,0.00271946,0,0.234
rosenbrock,0.001,0.66,0.4,4,7.0,10000,0.00264249,0.00264249,0,0.217
rosenbrock,0.001,0.78,0.0,4,7.0,10000,0.00014123,0.00014123,1,0.231
rosenbrock,0.001,0.78,0.08,4,7.0,10000,0.00029912,0.00029912,1,0.215
rosenbrock,0.001,0.78,0.16,4,7.0,10000,0.00057758,0.00057758,1,0.237
rosenbrock,0.001,0.78,0.24,4,7.0,10000,0.00106198,0.00106198,0,0.221
rosenbrock,0.001,0.78,0.32,4,7.0,10000,0.00307004,0.00307004,0,0.235
rosenbrock,0.001,0.78,0.4,4,7.0,10000,0.01644379,0.00314457,0,0.215
rosenbrock,0.001,0.9,0.0,4,7.0,10000,0.00014023,0.00014023,1,0.221
rosenbrock,0.001,0.9,0.08,4,7.0,10000,0.00027089,0.00027089,1,0.214
rosenbrock,0.001,0.9,0.16,4,7.0,10000,0.00048761,0.00048761,1,0.223
rosenbrock,0.001,0.9,0.24,4,7.0,10000,0.0008236,0.0008236,1,0.226
rosenbrock,0.001,0.9,0.32,4,7.0,10000,0.0014118,0.0014118,0,0.221
rosenbrock,0.001,0.9,0.4,4,7.0,10000,0.00457063,0.00457063,0,0.227
rosenbrock,0.001,0.3,0.0,4,8.0,10000,0.00015404,0.00015404,1,0.226
rosenbrock,0.001,0.3,0.08,4,8.0,10000,0.00089949,0.00089949,1,0.232
rosenbrock,0.001,0.3,0.16,4,8.0,10000,0.00238387,0.00234001,0,0.266
rosenbrock,0.001,0.3,0.24,4,8.0,10000,0.00515859,0.00515859,0,0.24
rosenbrock,0.001,0.3,0.32,4,8.0,10000,0.00997933,0.00997933,0,0.221
rosenbrock,0.001,0.3,0.4,4,8.0,10000,0.02304022,0.02304022,0,0.277
rosenbrock,0.001,0.42,0.0,4,8.0,10000,0.00014788,0.00014788,1,0.223
rosenbrock,0.001,0.42,0.08,4,8.0,10000,0.00054728,0.00054728,1,0.231
rosenbrock,0.001,0.42,0.16,4,8.0,10000,0.00207213,0.00207213,0,0.228
rosenbrock,0.001,0.42,0.24,4,8.0,10000,0.0024311,0.0024311,0,0.246
rosenbrock,0.001,0.42,0.32,4,8.0,10000,0.0044658,0.0044658,0,0.233
rosenbrock,0.001,0.42,0.4,4,8.0,10000,0.00739837,0.00739837,0,0.241
rosenbrock,0.001,0.54,0.0,4,8.0,10000,0.00014462,0.00014462,1,0.253
rosenbrock,0.001,0.54,0.08,4,8.0,10000,0.00040399,0.00040399,1,0.262
rosenbrock,0.001,0.54,0.16,4,8.0,10000,0.0010305,0.0010305,0,0.242
rosenbrock,0.001,0.54,0.24,4,8.0,10000,0.00549944,0.00451843,0,0.236
rosenbrock,0.001,0.54,0.32,4,8.0,10000,0.00256427,0.00256427,0,0.226
rosenbrock,0.001,0.54,0.4,4,8.0,10000,0.00410708,0.00410708,0,0.235
rosenbrock,0.001,0.66,0.0,4,8.0,10000,0.0001426,0.0001426,1,0.224
rosenbrock,0.001,0.66,0.08,4,8.0,10000,0.00034155,0.00034155,1,0.225
rosenbrock,0.001,0.66,0.16,4,8.0,10000,0.00072979,0.00072979,1,0.217
rosenbrock,0.001,0.66,0.24,4,8.0,10000,0.0016379,0.0016379,0,0.235
rosenbrock,0.001,0.66,0.32,4,8.0,10000,0.01452645,0.00262252,0,0.255
rosenbrock,0.001,0.66,0.4,4,8.0,10000,0.00263801,0.00263801,0,0.275
rosenbrock,0.001,0.78,0.0,4,8.0,10000,0.00014122,0.00014122,1,0.22
rosenbrock,0.001,0.78,0.08,4,8.0,10000,0.0002986,0.0002986,1,0.228
rosenbrock,0.001,0.78,0.16,4,8.0,10000,0.00057574,0.00057574,1,0.223
rosenbrock,0.001,0.78,0.24,4,8.0,10000,0.00105599,0.00105599,0,0.23
rosenbrock,0.001,0.78,0.32,4,8.0,10000,0.00249139,0.00249139,0,0.227
rosenbrock,0.001,0.78,0.4,4,8.0,10000,0.01412629,0.00303336,0,0.244
rosenbrock,0.001,0.9,0.0,4,8.0,10000,0.00014023,0.00014023,1,0.261
rosenbrock,0.001,0.9,0.08,4,8.0,10000,0.00027048,0.00027048,1,0.245
rosenbrock,0.001,0.9,0.16,4,8.0,10000,0.00048623,0.00048623,1,0.229
rosenbrock,0.001,0.9,0.24,4,8.0,10000,0.00081984,0.00081984,1,0.237
rosenbrock,0.001,0.9,0.32,4,8.0,10000,0.00139407,0.00139407,0,0.221
rosenbrock,0.001,0.9,0.4,4,8.0,10000,0.00493767,0.00469423,0,0.234
rastrigin,0.001,0.3,0.0,4,4.0,10000,17.90920248,17.90920248,0,0.176
rastrigin,0.001,0.3,0.08,4,4.0,10000,17.90920248,17.90920248,0,0.186
rastrigin,0.001,0.3,0.16,4,4.0,10000,17.90920248,17.90920248,0,0.193
rastrigin,0.001,0.3,0.24,4,4.0,10000,17.90920248,17.90920248,0,0.189
rastrigin,0.001,0.3,0.32,4,4.0,10000,17.90920248,17.90920248,0,0.212
rastrigin,0.001,0.3,0.4,4,4.0,10000,17.90920248,17.90920248,0,0.184
rastrigin,0.001,0.42,0.0,4,4.0,10000,17.90920248,17.90920248,0,0.206
rastrigin,0.001,0.42,0.08,4,4.0,10000,17.90920248,17.90920248,0,0.18
rastrigin,0.001,0.42,0.16,4,4.0,10000,17.90920248,17.90920248,0,0.203
rastrigin,0.001,0.42,0.24,4,4.0,10000,17.90920248,17.90920248,0,0.188
rastrigin,0.001,0.42,0.32,4,4.0,10000,17.90920248,17.90920248,0,0.183
rastrigin,0.001,0.42,0.4,4,4.0,10000,17.90920248,17.90920248,0,0.19
rastrigin,0.001,0.54,0.0,4,4.0,10000,17.90920248,17.90920248,0,0.181
rastrigin,0.001,0.54,0.08,4,4.0,10000,17.90920248,17.90920248,0,0.375
rastrigin,0.001,0.54,0.16,4,4.0,10000,17.90920248,17.90920248,0,0.855
rastrigin,0.001,0.54,0.24,4,4.0,10000,17.90920248,17.90920248,0,0.842
rastrigin,0.001,0.54,0.32,4,4.0,10000,17.90920248,17.90920248,0,0.774
rastrigin,0.001,0.54,0.4,4,4.0,10000,17.90920248,17.90920248,0,0.78
rastrigin,0.001,0.66,0.0,4,4.0,10000,17.90920248,17.90920248,0,0.772
rastrigin,0.001,0.66,0.08,4,4.0,10000,17.90920248,17.90920248,0,0.776
rastrigin,0.001,0.66,0.16,4,4.0,10000,17.90920248,17.90920248,0,0.771
rastrigin,0.001,0.66,0.24,4,4.0,10000,17.90920248,17.90920248,0,0.774
rastrigin,0.001,0.66,0.32,4,4.0,10000,17.90920248,17.90920248,0,0.805
rastrigin,0.001,0.66,0.4,4,4.0,10000,17.90920248,17.90920248,0,0.798
rastrigin,0.001,0.78,0.0,4,4.0,10000,17.90920248,17.90920248,0,0.809
rastrigin,0.001,0.78,0.08,4,4.0,10000,17.90920248,17.90920248,0,0.818
rastrigin,0.001,0.78,0.16,4,4.0,10000,17.90920248,17.90920248,0,0.792
rastrigin,0.001,0.78,0.24,4,4.0,10000,17.90920248,17.90920248,0,0.765
rastrigin,0.001,0.78,0.32,4,4.0,10000,17.90920248,17.90920248,0,0.759
rastrigin,0.001,0.78,0.4,4,4.0,10000,17.90920248,17.90920248,0,0.756
rastrigin,0.001,0.9,0.0,4,4.0,10000,17.90920248,17.90920248,0,0.773
rastrigin,0.001,0.9,0.08,4,4.0,10000,17.90920248,17.90920248,0,0.774
rastrigin,0.001,0.9,0.16,4,4.0,10000,17.90920248,17.90920248,0,0.773
rastrigin,0.001,0.9,0.24,4,4.0,10000,17.90920248,17.90920248,0,0.778
rastrigin,0.001,0.9,0.32,4,4.0,10000,17.90920248,17.90920248,0,0.76
rastrigin,0.001,0.9,0.4,4,4.0,10000,17.90920248,17.90920248,0,0.776
rastrigin,0.001,0.3,0.0,4,5.0,10000,17.90920248,17.90920248,0,0.769
rastrigin,0.001,0.3,0.08,4,5.0,10000,17.90920248,17.90920248,0,0.803
rastrigin,0.001,0.3,0.16,4,5.0,10000,17.90920248,17.90920248,0,0.769
rastrigin,0.001,0.3,0.24,4,5.0,10000,17.90920248,17.90920248,0,0.766
rastrigin,0.001,0.3,0.32,4,5.0,10000,17.90920248,17.90920248,0,0.806
rastrigin,0.001,0.3,0.4,4,5.0,10000,17.90920248,17.90920248,0,0.784
rastrigin,0.001,0.42,0.0,4,5.0,10000,17.90920248,17.90920248,0,0.773
rastrigin,0.001,0.42,0.08,4,5.0,10000,17.90920248,17.90920248,0,0.808
rastrigin,0.001,0.42,0.16,4,5.0,10000,17.90920248,17.90920248,0,0.885
rastrigin,0.001,0.42,0.24,4,5.0,10000,17.90920248,17.90920248,0,0.986
rastrigin,0.001,0.42,0.32,4,5.0,10000,17.90920248,17.90920248,0,0.808
rastrigin,0.001,0.42,0.4,4,5.0,10000,17.90920248,17.90920248,0,0.777
rastrigin,0.001,0.54,0.0,4,5.0,10000,17.90920248,17.90920248,0,0.773
rastrigin,0.001,0.54,0.08,4,5.0,10000,17.90920248,17.90920248,0,0.762
rastrigin,0.001,0.54,0.16,4,5.0,10000,17.90920248,17.90920248,0,0.777
rastrigin,0.001,0.54,0.24,4,5.0,10000,17.90920248,17.90920248,0,0.773
rastrigin,0.001,0.54,0.32,4,5.0,10000,17.90920248,17.90920248,0,0.777
rastrigin,0.001,0.54,0.4,4,5.0,10000,17.90920248,17.90920248,0,0.783
rastrigin,0.001,0.66,0.0,4,5.0,10000,17.90920248,17.90920248,0,0.774
rastrigin,0.001,0.66,0.08,4,5.0,10000,17.90920248,17.90920248,0,0.771
rastrigin,0.001,0.66,0.16,4,5.0,10000,17.90920248,17.90920248,0,0.761
rastrigin,0.001,0.66,0.24,4,5.0,10000,17.90920248,17.90920248,0,0.766
rastrigin,0.001,0.66,0.32,4,5.0,10000,17.90920248,17.90920248,0,0.774
rastrigin,0.001,0.66,0.4,4,5.0,10000,17.90920248,17.90920248,0,0.764
rastrigin,0.001,0.78,0.0,4,5.0,10000,17.90920248,17.90920248,0,0.765
rastrigin,0.001,0.78,0.08,4,5.0,10000,17.90920248,17.90920248,0,0.767
rastrigin,0.001,0.78,0.16,4,5.0,10000,17.90920248,17.90920248,0,0.767
rastrigin,0.001,0.78,0.24,4,5.0,10000,17.90920248,17.90920248,0,0.764
rastrigin,0.001,0.78,0.32,4,5.0,10000,17.90920248,17.90920248,0,0.761
rastrigin,0.001,0.78,0.4,4,5.0,10000,17.90920248,17.90920248,0,0.759
rastrigin,0.001,0.9,0.0,4,5.0,10000,17.90920248,17.90920248,0,0.761
rastrigin,0.001,0.9,0.08,4,5.0,10000,17.90920248,17.90920248,0,0.766
rastrigin,0.001,0.9,0.16,4,5.0,10000,17.90920248,17.90920248,0,0.759
rastrigin,0.001,0.9,0.24,4,5.0,10000,17.90920248,17.90920248,0,0.414
rastrigin,0.001,0.9,0.32,4,5.0,10000,17.90920248,17.90920248,0,0.257
rastrigin,0.001,0.9,0.4,4,5.0,10000,17.90920248,17.90920248,0,0.335
rastrigin,0.001,0.3,0.0,4,6.0,10000,17.90920248,17.90920248,0,0.243
rastrigin,0.001,0.3,0.08,4,6.0,10000,17.90920248,17.90920248,0,0.193
rastrigin,0.001,0.3,0.16,4,6.0,10000,17.90920248,17.90920248,0,0.159
rastrigin,0.001,0.3,0.24,4,6.0,10000,17.90920248,17.90920248,0,0.801
rastrigin,0.001,0.3,0.32,4,6.0,10000,17.90920248,17.90920248,0,0.768
rastrigin,0.001,0.3,0.4,4,6.0,10000,17.90920248,17.90920248,0,0.771
rastrigin,0.001,0.42,0.0,4,6.0,10000,17.90920248,17.90920248,0,0.764
rastrigin,0.001,0.42,0.08,4,6.0,10000,17.90920248,17.90920248,0,0.769
rastrigin,0.001,0.42,0.16,4,6.0,10000,17.90920248,17.90920248,0,0.763
rastrigin,0.001,0.42,0.24,4,6.0,10000,17.90920248,17.90920248,0,0.775
rastrigin,0.001,0.42,0.32,4,6.0,10000,17.90920248,17.90920248,0,0.762
rastrigin,0.001,0.42,0.4,4,6.0,10000,17.90920248,17.90920248,0,0.758
rastrigin,0.001,0.54,0.0,4,6.0,10000,17.90920248,17.90920248,0,0.764
rastrigin,0.001,0.54,0.08,4,6.0,10000,17.90920248,17.90920248,0,0.77
rastrigin,0.001,0.54,0.16,4,6.0,10000,17.90920248,17.90920248,0,0.766
rastrigin,0.001,0.54,0.24,4,6.0,10000,17.90920248,17.90920248,0,0.772
rastrigin,0.001,0.54,0.32,4,6.0,10000,17.90920248,17.90920248,0,0.77
rastrigin,0.001,0.54,0.4,4,6.0,10000,17.90920248,17.90920248,0,0.765
rastrigin,0.001,0.66,0.0,4,6.0,10000,17.90920248,17.90920248,0,0.77
rastrigin,0.001,0.66,0.08,4,6.0,10000,17.90920248,17.90920248,0,0.788
rastrigin,0.001,0.66,0.16,4,6.0,10000,17.90920248,17.90920248,0,0.775
rastrigin,0.001,0.66,0.24,4,6.0,10000,17.90920248,17.90920248,0,0.807
rastrigin,0.001,0.66,0.32,4,6.0,10000,17.90920248,17.90920248,0,0.91
rastrigin,0.001,0.66,0.4,4,6.0,10000,17.90920248,17.90920248,0,0.765
rastrigin,0.001,0.78,0.0,4,6.0,10000,17.90920248,17.90920248,0,0.774
rastrigin,0.001,0.78,0.08,4,6.0,10000,17.90920248,17.90920248,0,0.696
rastrigin,0.001,0.78,0.16,4,6.0,10000,17.90920248,17.90920248,0,0.786
rastrigin,0.001,0.78,0.24,4,6.0,10000,17.90920248,17.90920248,0,0.769
rastrigin,0.001,0.78,0.32,4,6.0,10000,17.90920248,17.90920248,0,0.747
rastrigin,0.001,0.78,0.4,4,6.0,10000,17.90920248,17.90920248,0,0.756
rastrigin,0.001,0.9,0.0,4,6.0,10000,17.90920248,17.90920248,0,0.756
rastrigin,0.001,0.9,0.08,4,6.0,10000,17.90920248,17.90920248,0,0.754
rastrigin,0.001,0.9,0.16,4,6.0,10000,17.90920248,17.90920248,0,0.759
rastrigin,0.001,0.9,0.24,4,6.0,10000,17.90920248,17.90920248,0,0.763
rastrigin,0.001,0.9,0.32,4,6.0,10000,17.90920248,17.90920248,0,0.764
rastrigin,0.001,0.9,0.4,4,6.0,10000,17.90920248,17.90920248,0,0.755
rastrigin,0.001,0.3,0.0,4,7.0,10000,17.90920248,17.90920248,0,0.817
rastrigin,0.001,0.3,0.08,4,7.0,10000,17.90920248,17.90920248,0,0.781
rastrigin,0.001,0.3,0.16,4,7.0,10000,17.90920248,17.90920248,0,0.766
rastrigin,0.001,0.3,0.24,4,7.0,10000,17.90920248,17.90920248,0,0.773
rastrigin,0.001,0.3,0.32,4,7.0,10000,17.90920248,17.90920248,0,0.769
rastrigin,0.001,0.3,0.4,4,7.0,10000,17.90920248,17.90920248,0,0.754
rastrigin,0.001,0.42,0.0,4,7.0,10000,17.90920248,17.90920248,0,0.754
rastrigin,0.001,0.42,0.08,4,7.0,10000,17.90920248,17.90920248,0,0.761
rastrigin,0.001,0.42,0.16,4,7.0,10000,17.90920248,17.90920248,0,0.775
rastrigin,0.001,0.42,0.24,4,7.0,10000,17.90920248,17.90920248,0,0.786
rastrigin,0.001,0.42,0.32,4,7.0,10000,17.90920248,17.90920248,0,0.265
rastrigin,0.001,0.42,0.4,4,7.0,10000,17.90920248,17.90920248,0,0.277
rastrigin,0.001,0.54,0.0,4,7.0,10000,17.90920248,17.90920248,0,0.318
rastrigin,0.001,0.54,0.08,4,7.0,10000,17.90920248,17.90920248,0,0.223
rastrigin,0.001,0.54,0.16,4,7.0,10000,17.90920248,17.90920248,0,0.189
rastrigin,0.001,0.54,0.24,4,7.0,10000,17.90920248,17.90920248,0,0.194
rastrigin,0.001,0.54,0.32,4,7.0,10000,17.90920248,17.90920248,0,0.182
rastrigin,0.001,0.54,0.4,4,7.0,10000,17.90920248,17.90920248,0,0.184
rastrigin,0.001,0.66,0.0,4,7.0,10000,17.90920248,17.90920248,0,0.195
rastrigin,0.001,0.66,0.08,4,7.0,10000,17.90920248,17.90920248,0,0.188
rastrigin,0.001,0.66,0.16,4,7.0,10000,17.90920248,17.90920248,0,0.187
rastrigin,0.001,0.66,0.24,4,7.0,10000,17.90920248,17.90920248,0,0.188
rastrigin,0.001,0.66,0.32,4,7.0,10000,17.90920248,17.90920248,0,0.187
rastrigin,0.001,0.66,0.4,4,7.0,10000,17.90920248,17.90920248,0,0.18
rastrigin,0.001,0.78,0.0,4,7.0,10000,17.90920248,17.90920248,0,0.185
rastrigin,0.001,0.78,0.08,4,7.0,10000,17.90920248,17.90920248,0,0.192
rastrigin,0.001,0.78,0.16,4,7.0,10000,17.90920248,17.90920248,0,0.196
rastrigin,0.001,0.78,0.24,4,7.0,10000,17.90920248,17.90920248,0,0.199
rastrigin,0.001,0.78,0.32,4,7.0,10000,17.90920248,17.90920248,0,0.179
rastrigin,0.001,0.78,0.4,4,7.0,10000,17.90920248,17.90920248,0,0.202
rastrigin,0.001,0.9,0.0,4,7.0,10000,17.90920248,17.90920248,0,0.176
rastrigin,0.001,0.9,0.08,4,7.0,10000,17.90920248,17.90920248,0,0.191
rastrigin,0.001,0.9,0.16,4,7.0,10000,17.90920248,17.90920248,0,0.234
rastrigin,0.001,0.9,0.24,4,7.0,10000,17.90920248,17.90920248,0,0.243
rastrigin,0.001,0.9,0.32,4,7.0,10000,17.90920248,17.90920248,0,0.285
rastrigin,0.001,0.9,0.4,4,7.0,10000,17.90920248,17.90920248,0,0.209
rastrigin,0.001,0.3,0.0,4,8.0,10000,17.90920248,17.90920248,0,0.161
rastrigin,0.001,0.3,0.08,4,8.0,10000,17.90920248,17.90920248,0,0.179
rastrigin,0.001,0.3,0.16,4,8.0,10000,17.90920248,17.90920248,0,0.163
rastrigin,0.001,0.3,0.24,4,8.0,10000,17.90920248,17.90920248,0,0.166
rastrigin,0.001,0.3,0.32,4,8.0,10000,17.90920248,17.90920248,0,0.183
rastrigin,0.001,0.3,0.4,4,8.0,10000,17.90920248,17.90920248,0,0.166
rastrigin,0.001,0.42,0.0,4,8.0,10000,17.90920248,17.90920248,0,0.162
rastrigin,0.001,0.42,0.08,4,8.0,10000,17.90920248,17.90920248,0,0.166
rastrigin,0.001,0.42,0.16,4,8.0,10000,17.90920248,17.90920248,0,0.165
rastrigin,0.001,0.42,0.24,4,8.0,10000,17.90920248,17.90920248,0,0.185
rastrigin,0.001,0.42,0.32,4,8.0,10000,17.90920248,17.90920248,0,0.159
rastrigin,0.001,0.42,0.4,4,8.0,10000,17.90920248,17.90920248,0,0.162
rastrigin,0.001,0.54,0.0,4,8.0,10000,17.90920248,17.90920248,0,0.168
rastrigin,0.001,0.54,0.08,4,8.0,10000,17.90920248,17.90920248,0,0.169
rastrigin,0.001,0.54,0.16,4,8.0,10000,17.90920248,17.90920248,0,0.179
rastrigin,0.001,0.54,0.24,4,8.0,10000,17.90920248,17.90920248,0,0.156
rastrigin,0.001,0.54,0.32,4,8.0,10000,17.90920248,17.90920248,0,0.174
rastrigin,0.001,0.54,0.4,4,8.0,10000,17.90920248,17.90920248,0,0.162
rastrigin,0.001,0.66,0.0,4,8.0,10000,17.90920248,17.90920248,0,0.166
rastrigin,0.001,0.66,0.08,4,8.0,10000,17.90920248,17.90920248,0,0.185
rastrigin,0.001,0.66,0.16,4,8.0,10000,17.90920248,17.90920248,0,0.179
rastrigin,0.001,0.66,0.24,4,8.0,10000,17.90920248,17.90920248,0,0.169
rastrigin,0.001,0.66,0.32,4,8.0,10000,17.90920248,17.90920248,0,0.177
rastrigin,0.001,0.66,0.4,4,8.0,10000,17.90920248,17.90920248,0,0.176
rastrigin,0.001,0.78,0.0,4,8.0,10000,17.90920248,17.90920248,0,0.183
rastrigin,0.001,0.78,0.08,4,8.0,10000,17.90920248,17.90920248,0,0.168
rastrigin,0.001,0.78,0.16,4,8.0,10000,17.90920248,17.90920248,0,0.186
rastrigin,0.001,0.78,0.24,4,8.0,10000,17.90920248,17.90920248,0,0.163
rastrigin,0.001,0.78,0.32,4,8.0,10000,17.90920248,17.90920248,0,0.163
rastrigin,0.001,0.78,0.4,4,8.0,10000,17.90920248,17.90920248,0,0.185
rastrigin,0.001,0.9,0.0,4,8.0,10000,17.90920248,17.90920248,0,0.158
rastrigin,0.001,0.9,0.08,4,8.0,10000,17.90920248,17.90920248,0,0.176
rastrigin,0.001,0.9,0.16,4,8.0,10000,17.90920248,17.90920248,0,0.16
rastrigin,0.001,0.9,0.24,4,8.0,10000,17.90920248,17.90920248,0,0.164
rastrigin,0.001,0.9,0.32,4,8.0,10000,17.90920248,17.90920248,0,0.183
rastrigin,0.001,0.9,0.4,4,8.0,10000,17.90920248,17.90920248,0,0.162
himmelblau,0.001,0.3,0.0,4,4.0,10000,0.0,0.0,1,0.231
himmelblau,0.001,0.3,0.08,4,4.0,10000,0.0,0.0,1,0.239
himmelblau,0.001,0.3,0.16,4,4.0,10000,0.0,0.0,1,0.238
himmelblau,0.001,0.3,0.24,4,4.0,10000,0.0,0.0,1,0.216
himmelblau,0.001,0.3,0.32,4,4.0,10000,0.0,0.0,1,0.242
himmelblau,0.001,0.3,0.4,4,4.0,10000,0.0,0.0,1,0.24
himmelblau,0.001,0.42,0.0,4,4.0,10000,0.0,0.0,1,0.241
himmelblau,0.001,0.42,0.08,4,4.0,10000,0.0,0.0,1,0.215
himmelblau,0.001,0.42,0.16,4,4.0,10000,0.0,0.0,1,0.232
himmelblau,0.001,0.42,0.24,4,4.0,10000,0.0,0.0,1,0.245
himmelblau,0.001,0.42,0.32,4,4.0,10000,0.0,0.0,1,0.222
himmelblau,0.001,0.42,0.4,4,4.0,10000,0.0,0.0,1,0.218
himmelblau,0.001,0.54,0.0,4,4.0,10000,0.0,0.0,1,0.242
himmelblau,0.001,0.54,0.08,4,4.0,10000,0.0,0.0,1,0.238
himmelblau,0.001,0.54,0.16,4,4.0,10000,0.0,0.0,1,0.213
himmelblau,0.001,0.54,0.24,4,4.0,10000,0.0,0.0,1,0.232
himmelblau,0.001,0.54,0.32,4,4.0,10000,0.0,0.0,1,0.272
himmelblau,0.001,0.54,0.4,4,4.0,10000,0.0,0.0,1,0.247
himmelblau,0.001,0.66,0.0,4,4.0,10000,0.0,0.0,1,0.216
himmelblau,0.001,0.66,0.08,4,4.0,10000,0.0,0.0,1,0.233
himmelblau,0.001,0.66,0.16,4,4.0,10000,0.0,0.0,1,0.215
himmelblau,0.001,0.66,0.24,4,4.0,10000,0.0,0.0,1,0.242
himmelblau,0.001,0.66,0.32,4,4.0,10000,0.0,0.0,1,0.25
himmelblau,0.001,0.66,0.4,4,4.0,10000,0.0,0.0,1,0.229
himmelblau,0.001,0.78,0.0,4,4.0,10000,0.0,0.0,1,0.214
himmelblau,0.001,0.78,0.08,4,4.0,10000,0.0,0.0,1,0.242
himmelblau,0.001,0.78,0.16,4,4.0,10000,0.0,0.0,1,0.22
himmelblau,0.001,0.78,0.24,4,4.0,10000,0.0,0.0,1,0.25
himmelblau,0.001,0.78,0.32,4,4.0,10000,0.0,0.0,1,0.213
himmelblau,0.001,0.78,0.4,4,4.0,10000,0.0,0.0,1,0.249
himmelblau,0.001,0.9,0.0,4,4.0,10000,0.0,0.0,1,0.285
himmelblau,0.001,0.9,0.08,4,4.0,10000,0.0,0.0,1,0.243
himmelblau,0.001,0.9,0.16,4,4.0,10000,0.0,0.0,1,0.223
himmelblau,0.001,0.9,0.24,4,4.0,10000,0.0,0.0,1,0.24
himmelblau,0.001,0.9,0.32,4,4.0,10000,0.0,0.0,1,0.231
himmelblau,0.001,0.9,0.4,4,4.0,10000,0.0,0.0,1,0.241
himmelblau,0.001,0.3,0.0,4,5.0,10000,0.0,0.0,1,0.216
himmelblau,0.001,0.3,0.08,4,5.0,10000,0.0,0.0,1,0.233
himmelblau,0.001,0.3,0.16,4,5.0,10000,0.0,0.0,1,0.23
himmelblau,0.001,0.3,0.24,4,5.0,10000,0.0,0.0,1,0.245
himmelblau,0.001,0.3,0.32,4,5.0,10000,0.0,0.0,1,0.239
himmelblau,0.001,0.3,0.4,4,5.0,10000,0.0,0.0,1,0.255
himmelblau,0.001,0.42,0.0,4,5.0,10000,0.0,0.0,1,0.232
himmelblau,0.001,0.42,0.08,4,5.0,10000,0.0,0.0,1,0.272
himmelblau,0.001,0.42,0.16,4,5.0,10000,0.0,0.0,1,0.274
himmelblau,0.001,0.42,0.24,4,5.0,10000,0.0,0.0,1,0.273
himmelblau,0.001,0.42,0.32,4,5.0,10000,0.0,0.0,1,0.256
himmelblau,0.001,0.42,0.4,4,5.0,10000,0.0,0.0,1,0.258
himmelblau,0.001,0.54,0.0,4,5.0,10000,0.0,0.0,1,0.251
himmelblau,0.001,0.54,0.08,4,5.0,10000,0.0,0.0,1,0.255
himmelblau,0.001,0.54,0.16,4,5.0,10000,0.0,0.0,1,0.251
himmelblau,0.001,0.54,0.24,4,5.0,10000,0.0,0.0,1,0.248
himmelblau,0.001,0.54,0.32,4,5.0,10000,0.0,0.0,1,0.248
himmelblau,0.001,0.54,0.4,4,5.0,10000,0.0,0.0,1,0.249
himmelblau,0.001,0.66,0.0,4,5.0,10000,0.0,0.0,1,0.27
himmelblau,0.001,0.66,0.08,4,5.0,10000,0.0,0.0,1,0.26
himmelblau,0.001,0.66,0.16,4,5.0,10000,0.0,0.0,1,0.265
himmelblau,0.001,0.66,0.24,4,5.0,10000,0.0,0.0,1,0.258
himmelblau,0.001,0.66,0.32,4,5.0,10000,0.0,0.0,1,0.269
himmelblau,0.001,0.66,0.4,4,5.0,10000,0.0,0.0,1,0.278
himmelblau,0.001,0.78,0.0,4,5.0,10000,0.0,0.0,1,0.271
himmelblau,0.001,0.78,0.08,4,5.0,10000,0.0,0.0,1,0.247
himmelblau,0.001,0.78,0.16,4,5.0,10000,0.0,0.0,1,0.248
himmelblau,0.001,0.78,0.24,4,5.0,10000,0.0,0.0,1,0.253
himmelblau,0.001,0.78,0.32,4,5.0,10000,0.0,0.0,1,0.246
himmelblau,0.001,0.78,0.4,4,5.0,10000,0.0,0.0,1,0.289
himmelblau,0.001,0.9,0.0,4,5.0,10000,0.0,0.0,1,0.219
himmelblau,0.001,0.9,0.08,4,5.0,10000,0.0,0.0,1,0.233
himmelblau,0.001,0.9,0.16,4,5.0,10000,0.0,0.0,1,0.219
himmelblau,0.001,0.9,0.24,4,5.0,10000,0.0,0.0,1,0.24
himmelblau,0.001,0.9,0.32,4,5.0,10000,0.0,0.0,1,0.233
himmelblau,0.001,0.9,0.4,4,5.0,10000,0.0,0.0,1,0.237
himmelblau,0.001,0.3,0.0,4,6.0,10000,0.0,0.0,1,0.222
himmelblau,0.001,0.3,0.08,4,6.0,10000,0.0,0.0,1,0.235
himmelblau,0.001,0.3,0.16,4,6.0,10000,0.0,0.0,1,0.225
himmelblau,0.001,0.3,0.24,4,6.0,10000,0.0,0.0,1,0.238
himmelblau,0.001,0.3,0.32,4,6.0,10000,0.0,0.0,1,0.231
himmelblau,0.001,0.3,0.4,4,6.0,10000,0.0,0.0,1,0.225
himmelblau,0.001,0.42,0.0,4,6.0,10000,0.0,0.0,1,0.223
himmelblau,0.001,0.42,0.08,4,6.0,10000,0.0,0.0,1,0.227
himmelblau,0.001,0.42,0.16,4,6.0,10000,0.0,0.0,1,0.242
himmelblau,0.001,0.42,0.24,4,6.0,10000,0.0,0.0,1,0.224
himmelblau,0.001,0.42,0.32,4,6.0,10000,0.0,0.0,1,0.23
himmelblau,0.001,0.42,0.4,4,6.0,10000,0.0,0.0,1,0.222
himmelblau,0.001,0.54,0.0,4,6.0,10000,0.0,0.0,1,0.246
himmelblau,0.001,0.54,0.08,4,6.0,10000,0.0,0.0,1,0.233
himmelblau,0.001,0.54,0.16,4,6.0,10000,0.0,0.0,1,0.233
himmelblau,0.001,0.54,0.24,4,6.0,10000,0.0,0.0,1,0.222
himmelblau,0.001,0.54,0.32,4,6.0,10000,0.0,0.0,1,0.233
himmelblau,0.001,0.54,0.4,4,6.0,10000,0.0,0.0,1,0.218
himmelblau,0.001,0.66,0.0,4,6.0,10000,0.0,0.0,1,0.236
himmelblau,0.001,0.66,0.08,4,6.0,10000,0.0,0.0,1,0.291
himmelblau,0.001,0.66,0.16,4,6.0,10000,0.0,0.0,1,0.262
himmelblau,0.001,0.66,0.24,4,6.0,10000,0.0,0.0,1,0.245
himmelblau,0.001,0.66,0.32,4,6.0,10000,0.0,0.0,1,0.235
himmelblau,0.001,0.66,0.4,4,6.0,10000,0.0,0.0,1,0.226
himmelblau,0.001,0.78,0.0,4,6.0,10000,0.0,0.0,1,0.24
himmelblau,0.001,0.78,0.08,4,6.0,10000,0.0,0.0,1,0.217
himmelblau,0.001,0.78,0.16,4,6.0,10000,0.0,0.0,1,0.245
himmelblau,0.001,0.78,0.24,4,6.0,10000,0.0,0.0,1,0.232
himmelblau,0.001,0.78,0.32,4,6.0,10000,0.0,0.0,1,0.239
himmelblau,0.001,0.78,0.4,4,6.0,10000,0.0,0.0,1,0.214
himmelblau,0.001,0.9,0.0,4,6.0,10000,0.0,0.0,1,0.236
himmelblau,0.001,0.9,0.08,4,6.0,10000,0.0,0.0,1,0.238
himmelblau,0.001,0.9,0.16,4,6.0,10000,0.0,0.0,1,0.239
himmelblau,0.001,0.9,0.24,4,6.0,10000,0.0,0.0,1,0.235
himmelblau,0.001,0.9,0.32,4,6.0,10000,0.0,0.0,1,0.25
himmelblau,0.001,0.9,0.4,4,6.0,10000,0.0,0.0,1,0.222
himmelblau,0.001,0.3,0.0,4,7.0,10000,0.0,0.0,1,0.236
himmelblau,0.001,0.3,0.08,4,7.0,10000,0.0,0.0,1,0.235
himmelblau,0.001,0.3,0.16,4,7.0,10000,0.0,0.0,1,0.251
himmelblau,0.001,0.3,0.24,4,7.0,10000,0.0,0.0,1,0.267
himmelblau,0.001,0.3,0.32,4,7.0,10000,0.0,0.0,1,0.246
himmelblau,0.001,0.3,0.4,4,7.0,10000,0.0,0.0,1,0.218
himmelblau,0.001,0.42,0.0,4,7.0,10000,0.0,0.0,1,0.246
himmelblau,0.001,0.42,0.08,4,7.0,10000,0.0,0.0,1,0.235
himmelblau,0.001,0.42,0.16,4,7.0,10000,0.0,0.0,1,0.256
himmelblau,0.001,0.42,0.24,4,7.0,10000,0.0,0.0,1,0.225
himmelblau,0.001,0.42,0.32,4,7.0,10000,0.0,0.0,1,0.236
himmelblau,0.001,0.42,0.4,4,7.0,10000,0.0,0.0,1,0.234
himmelblau,0.001,0.54,0.0,4,7.0,10000,0.0,0.0,1,0.245
himmelblau,0.001,0.54,0.08,4,7.0,10000,0.0,0.0,1,0.221
himmelblau,0.001,0.54,0.16,4,7.0,10000,0.0,0.0,1,0.284
himmelblau,0.001,0.54,0.24,4,7.0,10000,0.0,0.0,1,0.247
himmelblau,0.001,0.54,0.32,4,7.0,10000,0.0,0.0,1,0.252
himmelblau,0.001,0.54,0.4,4,7.0,10000,0.0,0.0,1,0.217
himmelblau,0.001,0.66,0.0,4,7.0,10000,0.0,0.0,1,0.251
himmelblau,0.001,0.66,0.08,4,7.0,10000,0.0,0.0,1,0.746
himmelblau,0.001,0.66,0.16,4,7.0,10000,0.0,0.0,1,1.011
himmelblau,0.001,0.66,0.24,4,7.0,10000,0.0,0.0,1,1.023
himmelblau,0.001,0.66,0.32,4,7.0,10000,0.0,0.0,1,0.996
himmelblau,0.001,0.66,0.4,4,7.0,10000,0.0,0.0,1,0.978
himmelblau,0.001,0.78,0.0,4,7.0,10000,0.0,0.0,1,0.995
himmelblau,0.001,0.78,0.08,4,7.0,10000,0.0,0.0,1,0.997
himmelblau,0.001,0.78,0.16,4,7.0,10000,0.0,0.0,1,0.979
himmelblau,0.001,0.78,0.24,4,7.0,10000,0.0,0.0,1,0.977
himmelblau,0.001,0.78,0.32,4,7.0,10000,0.0,0.0,1,0.978
himmelblau,0.001,0.78,0.4,4,7.0,10000,0.0,0.0,1,0.988
himmelblau,0.001,0.9,0.0,4,7.0,10000,0.0,0.0,1,1.029
himmelblau,0.001,0.9,0.08,4,7.0,10000,0.0,0.0,1,0.998
himmelblau,0.001,0.9,0.16,4,7.0,10000,0.0,0.0,1,0.984
himmelblau,0.001,0.9,0.24,4,7.0,10000,0.0,0.0,1,0.996
himmelblau,0.001,0.9,0.32,4,7.0,10000,0.0,0.0,1,0.991
himmelblau,0.001,0.9,0.4,4,7.0,10000,0.0,0.0,1,1.033
himmelblau,0.001,0.3,0.0,4,8.0,10000,0.0,0.0,1,0.999
himmelblau,0.001,0.3,0.08,4,8.0,10000,0.0,0.0,1,0.985
himmelblau,0.001,0.3,0.16,4,8.0,10000,0.0,0.0,1,0.985
himmelblau,0.001,0.3,0.24,4,8.0,10000,0.0,0.0,1,0.994
himmelblau,0.001,0.3,0.32,4,8.0,10000,0.0,0.0,1,0.986
himmelblau,0.001,0.3,0.4,4,8.0,10000,0.0,0.0,1,0.997
himmelblau,0.001,0.42,0.0,4,8.0,10000,0.0,0.0,1,0.987
himmelblau,0.001,0.42,0.08,4,8.0,10000,0.0,0.0,1,0.979
himmelblau,0.001,0.42,0.16,4,8.0,10000,0.0,0.0,1,0.988
himmelblau,0.001,0.42,0.24,4,8.0,10000,0.0,0.0,1,1.001
himmelblau,0.001,0.42,0.32,4,8.0,10000,0.0,0.0,1,0.989
himmelblau,0.001,0.42,0.4,4,8.0,10000,0.0,0.0,1,0.989
himmelblau,0.001,0.54,0.0,4,8.0,10000,0.0,0.0,1,1.227
himmelblau,0.001,0.54,0.08,4,8.0,10000,0.0,0.0,1,0.978
himmelblau,0.001,0.54,0.16,4,8.0,10000,0.0,0.0,1,0.969
himmelblau,0.001,0.54,0.24,4,8.0,10000,0.0,0.0,1,1.001
himmelblau,0.001,0.54,0.32,4,8.0,10000,0.0,0.0,1,0.986
himmelblau,0.001,0.54,0.4,4,8.0,10000,0.0,0.0,1,0.97
himmelblau,0.001,0.66,0.0,4,8.0,10000,0.0,0.0,1,1.036
himmelblau,0.001,0.66,0.08,4,8.0,10000,0.0,0.0,1,0.959
himmelblau,0.001,0.66,0.16,4,8.0,10000,0.0,0.0,1,0.99
himmelblau,0.001,0.66,0.24,4,8.0,10000,0.0,0.0,1,1.066
himmelblau,0.001,0.66,0.32,4,8.0,10000,0.0,0.0,1,0.99
himmelblau,0.001,0.66,0.4,4,8.0,10000,0.0,0.0,1,0.988
himmelblau,0.001,0.78,0.0,4,8.0,10000,0.0,0.0,1,1.004
himmelblau,0.001,0.78,0.08,4,8.0,10000,0.0,0.0,1,0.982
himmelblau,0.001,0.78,0.16,4,8.0,10000,0.0,0.0,1,0.992
himmelblau,0.001,0.78,0.24,4,8.0,10000,0.0,0.0,1,0.976
himmelblau,0.001,0.78,0.32,4,8.0,10000,0.0,0.0,1,0.983
himmelblau,0.001,0.78,0.4,4,8.0,10000,0.0,0.0,1,0.984
himmelblau,0.001,0.9,0.0,4,8.0,10000,0.0,0.0,1,1.001
himmelblau,0.001,0.9,0.08,4,8.0,10000,0.0,0.0,1,0.984
himmelblau,0.001,0.9,0.16,4,8.0,10000,0.0,0.0,1,0.986
himmelblau,0.001,0.9,0.24,4,8.0,10000,0.0,0.0,1,0.991
himmelblau,0.001,0.9,0.32,4,8.0,10000,0.0,0.0,1,0.991
himmelblau,0.001,0.9,0.4,4,8.0,10000,0.0,0.0,1,0.983
rosenbrock,0.001,0.7,0.0,4,4.0,10000,0.0001421,0.0001421,1,0.199
rosenbrock,0.001,0.7,0.04,4,4.0,10000,0.00021976,0.00021976,1,0.257
rosenbrock,0.001,0.7,0.08,4,4.0,10000,0.00032841,0.00032841,1,0.218
rosenbrock,0.001,0.7,0.12,4,4.0,10000,0.00046714,0.00046714,1,0.193
rosenbrock,0.001,0.7,0.16,4,4.0,10000,0.00065786,0.00065786,1,0.189
rosenbrock,0.001,0.7,0.2,4,4.0,10000,0.00094331,0.00094331,1,0.218
rosenbrock,0.001,0.76,0.0,4,4.0,10000,0.00014144,0.00014144,1,0.212
rosenbrock,0.001,0.76,0.04,4,4.0,10000,0.00021137,0.00021137,1,0.193
rosenbrock,0.001,0.76,0.08,4,4.0,10000,0.00030797,0.00030797,1,0.206
rosenbrock,0.001,0.76,0.12,4,4.0,10000,0.00042693,0.00042693,1,0.201
rosenbrock,0.001,0.76,0.16,4,4.0,10000,0.00060678,0.00060678,1,0.22
rosenbrock,0.001,0.76,0.2,4,4.0,10000,0.00079935,0.00079935,1,0.189
rosenbrock,0.001,0.82,0.0,4,4.0,10000,0.00014087,0.00014087,1,0.217
rosenbrock,0.001,0.82,0.04,4,4.0,10000,0.0002049,0.0002049,1,0.195
rosenbrock,0.001,0.82,0.08,4,4.0,10000,0.0002876,0.0002876,1,0.209
rosenbrock,0.001,0.82,0.12,4,4.0,10000,0.00040074,0.00040074,1,0.197
rosenbrock,0.001,0.82,0.16,4,4.0,10000,0.00055025,0.00055025,1,0.193
rosenbrock,0.001,0.82,0.2,4,4.0,10000,0.00072823,0.00072823,1,0.216
rosenbrock,0.001,0.88,0.0,4,4.0,10000,0.00014039,0.00014039,1,0.203
rosenbrock,0.001,0.88,0.04,4,4.0,10000,0.0002,0.0002,1,0.196
rosenbrock,0.001,0.88,0.08,4,4.0,10000,0.0002759,0.0002759,1,0.196
rosenbrock,0.001,0.88,0.12,4,4.0,10000,0.00037094,0.00037094,1,0.184
rosenbrock,0.001,0.88,0.16,4,4.0,10000,0.00050311,0.00050311,1,0.222
rosenbrock,0.001,0.88,0.2,4,4.0,10000,0.00066138,0.00066138,1,0.184
rosenbrock,0.001,0.94,0.0,4,4.0,10000,0.00013997,0.00013997,1,0.212
rosenbrock,0.001,0.94,0.04,4,4.0,10000,0.0001953,0.0001953,1,0.205
rosenbrock,0.001,0.94,0.08,4,4.0,10000,0.00026465,0.00026465,1,0.192
rosenbrock,0.001,0.94,0.12,4,4.0,10000,0.00035043,0.00035043,1,0.229
rosenbrock,0.001,0.94,0.16,4,4.0,10000,0.00047033,0.00047033,1,0.212
rosenbrock,0.001,0.94,0.2,4,4.0,10000,0.00059172,0.00059172,1,0.201
rosenbrock,0.001,1.0,0.0,4,4.0,10000,0.0001396,0.0001396,1,0.211
rosenbrock,0.001,1.0,0.04,4,4.0,10000,0.00019068,0.00019068,1,0.21
rosenbrock,0.001,1.0,0.08,4,4.0,10000,0.00025556,0.00025556,1,0.206
rosenbrock,0.001,1.0,0.12,4,4.0,10000,0.00033589,0.00033589,1,0.204
rosenbrock,0.001,1.0,0.16,4,4.0,10000,0.00044144,0.00044144,1,0.212
rosenbrock,0.001,1.0,0.2,4,4.0,10000,0.00056415,0.00056415,1,0.192
rosenbrock,0.001,0.7,0.0,4,4.5,10000,0.0001421,0.0001421,1,0.215
rosenbrock,0.001,0.7,0.04,4,4.5,10000,0.00021957,0.00021957,1,0.206
rosenbrock,0.001,0.7,0.08,4,4.5,10000,0.0003279,0.0003279,1,0.192
rosenbrock,0.001,0.7,0.12,4,4.5,10000,0.00046618,0.00046618,1,0.211
rosenbrock,0.001,0.7,0.16,4,4.5,10000,0.00065599,0.00065599,1,0.197
rosenbrock,0.001,0.7,0.2,4,4.5,10000,0.00093813,0.00093813,1,0.207
rosenbrock,0.001,0.76,0.0,4,4.5,10000,0.00014143,0.00014143,1,0.196
rosenbrock,0.001,0.76,0.04,4,4.5,10000,0.0002112,0.0002112,1,0.213
rosenbrock,0.001,0.76,0.08,4,4.5,10000,0.00030714,0.00030714,1,0.216
rosenbrock,0.001,0.76,0.12,4,4.5,10000,0.00042593,0.00042593,1,0.193
rosenbrock,0.001,0.76,0.16,4,4.5,10000,0.00060456,0.00060456,1,0.209
rosenbrock,0.001,0.76,0.2,4,4.5,10000,0.00079741,0.00079741,1,0.204
rosenbrock,0.001,0.82,0.0,4,4.5,10000,0.00014087,0.00014087,1,0.209
rosenbrock,0.001,0.82,0.04,4,4.5,10000,0.00020475,0.00020475,1,0.213
rosenbrock,0.001,0.82,0.08,4,4.5,10000,0.00028718,0.00028718,1,0.213
rosenbrock,0.001,0.82,0.12,4,4.5,10000,0.00039951,0.00039951,1,0.192
rosenbrock,0.001,0.82,0.16,4,4.5,10000,0.00054887,0.00054887,1,0.192
rosenbrock,0.001,0.82,0.2,4,4.5,10000,0.00072616,0.00072616,1,0.273
rosenbrock,0.001,0.88,0.0,4,4.5,10000,0.00014039,0.00014039,1,0.267
rosenbrock,0.001,0.88,0.04,4,4.5,10000,0.00019986,0.00019986,1,0.226
rosenbrock,0.001,0.88,0.08,4,4.5,10000,0.00027556,0.00027556,1,0.203
rosenbrock,0.001,0.88,0.12,4,4.5,10000,0.00037026,0.00037026,1,0.21
rosenbrock,0.001,0.88,0.16,4,4.5,10000,0.00050174,0.00050174,1,0.189
rosenbrock,0.001,0.88,0.2,4,4.5,10000,0.00065969,0.00065969,1,0.213
rosenbrock,0.001,0.94,0.0,4,4.5,10000,0.00013997,0.00013997,1,0.201
rosenbrock,0.001,0.94,0.04,4,4.5,10000,0.00019518,0.00019518,1,0.218
rosenbrock,0.001,0.94,0.08,4,4.5,10000,0.00026434,0.00026434,1,0.206
rosenbrock,0.001,0.94,0.12,4,4.5,10000,0.00034983,0.00034983,1,0.209
rosenbrock,0.001,0.94,0.16,4,4.5,10000,0.00046935,0.00046935,1,0.193
rosenbrock,0.001,0.94,0.2,4,4.5,10000,0.00059002,0.00059002,1,0.191
rosenbrock,0.001,1.0,0.0,4,4.5,10000,0.0001396,0.0001396,1,0.213
rosenbrock,0.001,1.0,0.04,4,4.5,10000,0.00019055,0.00019055,1,0.215
rosenbrock,0.001,1.0,0.08,4,4.5,10000,0.00025527,0.00025527,1,0.24
rosenbrock,0.001,1.0,0.12,4,4.5,10000,0.00033533,0.00033533,1,0.206
rosenbrock,0.001,1.0,0.16,4,4.5,10000,0.00044053,0.00044053,1,0.213
rosenbrock,0.001,1.0,0.2,4,4.5,10000,0.00056262,0.00056262,1,0.205
rosenbrock,0.001,0.7,0.0,4,5.0,10000,0.0001421,0.0001421,1,0.228
rosenbrock,0.001,0.7,0.04,4,5.0,10000,0.00021939,0.00021939,1,0.216
rosenbrock,0.001,0.7,0.08,4,5.0,10000,0.00032743,0.00032743,1,0.217
rosenbrock,0.001,0.7,0.12,4,5.0,10000,0.0004651,0.0004651,1,0.205
rosenbrock,0.001,0.7,0.16,4,5.0,10000,0.0006544,0.0006544,1,0.2
rosenbrock,0.001,0.7,0.2,4,5.0,10000,0.00094045,0.00094045,1,0.228
rosenbrock,0.001,0.76,0.0,4,5.0,10000,0.00014143,0.00014143,1,0.214
rosenbrock,0.001,0.76,0.04,4,5.0,10000,0.00021105,0.00021105,1,0.214
rosenbrock,0.001,0.76,0.08,4,5.0,10000,0.00030677,0.00030677,1,0.212
rosenbrock,0.001,0.76,0.12,4,5.0,10000,0.0004255,0.0004255,1,0.23
rosenbrock,0.001,0.76,0.16,4,5.0,10000,0.00060303,0.00060303,1,0.219
rosenbrock,0.001,0.76,0.2,4,5.0,10000,0.00079582,0.00079582,1,0.227
rosenbrock,0.001,0.82,0.0,4,5.0,10000,0.00014087,0.00014087,1,0.203
rosenbrock,0.001,0.82,0.04,4,5.0,10000,0.00020462,0.00020462,1,0.202
rosenbrock,0.001,0.82,0.08,4,5.0,10000,0.00028682,0.00028682,1,0.231
rosenbrock,0.001,0.82,0.12,4,5.0,10000,0.0003988,0.0003988,1,0.211
rosenbrock,0.001,0.82,0.16,4,5.0,10000,0.0005475,0.0005475,1,0.218
rosenbrock,0.001,0.82,0.2,4,5.0,10000,0.00072426,0.00072426,1,0.256
rosenbrock,0.001,0.88,0.0,4,5.0,10000,0.00014039,0.00014039,1,0.263
rosenbrock,0.001,0.88,0.04,4,5.0,10000,0.00019974,0.00019974,1,0.269
rosenbrock,0.001,0.88,0.08,4,5.0,10000,0.00027524,0.00027524,1,0.294
rosenbrock,0.001,0.88,0.12,4,5.0,10000,0.00036965,0.00036965,1,0.296
rosenbrock,0.001,0.88,0.16,4,5.0,10000,0.00050054,0.00050054,1,0.229
rosenbrock,0.001,0.88,0.2,4,5.0,10000,0.00065811,0.00065811,1,0.304
rosenbrock,0.001,0.94,0.0,4,5.0,10000,0.00013997,0.00013997,1,0.255
rosenbrock,0.001,0.94,0.04,4,5.0,10000,0.00019506,0.00019506,1,0.301
rosenbrock,0.001,0.94,0.08,4,5.0,10000,0.00026405,0.00026405,1,0.304
rosenbrock,0.001,0.94,0.12,4,5.0,10000,0.0003493,0.0003493,1,0.27
rosenbrock,0.001,0.94,0.16,4,5.0,10000,0.00046844,0.00046844,1,0.23
rosenbrock,0.001,0.94,0.2,4,5.0,10000,0.00058889,0.00058889,1,0.208
rosenbrock,0.001,1.0,0.0,4,5.0,10000,0.0001396,0.0001396,1,0.199
rosenbrock,0.001,1.0,0.04,4,5.0,10000,0.00019045,0.00019045,1,0.207
rosenbrock,0.001,1.0,0.08,4,5.0,10000,0.000255,0.000255,1,0.202
rosenbrock,0.001,1.0,0.12,4,5.0,10000,0.00033486,0.00033486,1,0.261
rosenbrock,0.001,1.0,0.16,4,5.0,10000,0.00043975,0.00043975,1,0.23
rosenbrock,0.001,1.0,0.2,4,5.0,10000,0.00056136,0.00056136,1,0.205
rosenbrock,0.001,0.7,0.0,4,5.5,10000,0.00014209,0.00014209,1,0.22
rosenbrock,0.001,0.7,0.04,4,5.5,10000,0.00021923,0.00021923,1,0.27
rosenbrock,0.001,0.7,0.08,4,5.5,10000,0.000327,0.000327,1,0.261
rosenbrock,0.001,0.7,0.12,4,5.5,10000,0.00046428,0.00046428,1,0.253
rosenbrock,0.001,0.7,0.16,4,5.5,10000,0.00065322,0.00065322,1,0.217
rosenbrock,0.001,0.7,0.2,4,5.5,10000,0.00093657,0.00093657,1,0.27
rosenbrock,0.001,0.76,0.0,4,5.5,10000,0.00014143,0.00014143,1,0.23
rosenbrock,0.001,0.76,0.04,4,5.5,10000,0.00021091,0.00021091,1,0.268
rosenbrock,0.001,0.76,0.08,4,5.5,10000,0.00030633,0.00030633,1,0.232
rosenbrock,0.001,0.76,0.12,4,5.5,10000,0.00042497,0.00042497,1,0.237
rosenbrock,0.001,0.76,0.16,4,5.5,10000,0.00060176,0.00060176,1,0.25
rosenbrock,0.001,0.76,0.2,4,5.5,10000,0.00079296,0.00079296,1,0.285
rosenbrock,0.001,0.82,0.0,4,5.5,10000,0.00014087,0.00014087,1,0.271
rosenbrock,0.001,0.82,0.04,4,5.5,10000,0.0002045,0.0002045,1,0.237
rosenbrock,0.001,0.82,0.08,4,5.5,10000,0.00028649,0.00028649,1,0.219
rosenbrock,0.001,0.82,0.12,4,5.5,10000,0.00039813,0.00039813,1,0.239
rosenbrock,0.001,0.82,0.16,4,5.5,10000,0.00054585,0.00054585,1,0.268
rosenbrock,0.001,0.82,0.2,4,5.5,10000,0.00071989,0.00071989,1,0.23
rosenbrock,0.001,0.88,0.0,4,5.5,10000,0.00014039,0.00014039,1,0.239
rosenbrock,0.001,0.88,0.04,4,5.5,10000,0.00019962,0.00019962,1,0.216
rosenbrock,0.001,0.88,0.08,4,5.5,10000,0.00027495,0.00027495,1,0.21
rosenbrock,0.001,0.88,0.12,4,5.5,10000,0.00036909,0.00036909,1,0.268
rosenbrock,0.001,0.88,0.16,4,5.5,10000,0.00049948,0.00049948,1,0.292
rosenbrock,0.001,0.88,0.2,4,5.5,10000,0.00065667,0.00065667,1,0.207
rosenbrock,0.001,0.94,0.0,4,5.5,10000,0.00013997,0.00013997,1,0.203
rosenbrock,0.001,0.94,0.04,4,5.5,10000,0.00019495,0.00019495,1,0.214
rosenbrock,0.001,0.94,0.08,4,5.5,10000,0.00026379,0.00026379,1,0.269
rosenbrock,0.001,0.94,0.12,4,5.5,10000,0.00034881,0.00034881,1,0.221
rosenbrock,0.001,0.94,0.16,4,5.5,10000,0.00046759,0.00046759,1,0.265
rosenbrock,0.001,0.94,0.2,4,5.5,10000,0.00058698,0.00058698,1,0.288
rosenbrock,0.001,1.0,0.0,4,5.5,10000,0.0001396,0.0001396,1,0.296
rosenbrock,0.001,1.0,0.04,4,5.5,10000,0.00019035,0.00019035,1,0.307
rosenbrock,0.001,1.0,0.08,4,5.5,10000,0.00025476,0.00025476,1,0.316
rosenbrock,0.001,1.0,0.12,4,5.5,10000,0.0003344,0.0003344,1,0.281
rosenbrock,0.001,1.0,0.16,4,5.5,10000,0.00043895,0.00043895,1,0.248
rosenbrock,0.001,1.0,0.2,4,5.5,10000,0.00056031,0.00056031,1,0.277
rosenbrock,0.001,0.7,0.0,4,6.0,10000,0.00014209,0.00014209,1,0.31
rosenbrock,0.001,0.7,0.04,4,6.0,10000,0.00021909,0.00021909,1,0.278
rosenbrock,0.001,0.7,0.08,4,6.0,10000,0.00032661,0.00032661,1,0.258
rosenbrock,0.001,0.7,0.12,4,6.0,10000,0.00046356,0.00046356,1,0.265
rosenbrock,0.001,0.7,0.16,4,6.0,10000,0.00065196,0.00065196,1,0.267
rosenbrock,0.001,0.7,0.2,4,6.0,10000,0.0009289,0.0009289,1,0.245
rosenbrock,0.001,0.76,0.0,4,6.0,10000,0.00014143,0.00014143,1,0.234
rosenbrock,0.001,0.76,0.04,4,6.0,10000,0.00021079,0.00021079,1,0.297
rosenbrock,0.001,0.76,0.08,4,6.0,10000,0.00030601,0.00030601,1,0.218
rosenbrock,0.001,0.76,0.12,4,6.0,10000,0.00042453,0.00042453,1,0.203
rosenbrock,0.001,0.76,0.16,4,6.0,10000,0.00060038,0.00060038,1,0.279
rosenbrock,0.001,0.76,0.2,4,6.0,10000,0.00079056,0.00079056,1,0.305
rosenbrock,0.001,0.82,0.0,4,6.0,10000,0.00014087,0.00014087,1,0.261
rosenbrock,0.001,0.82,0.04,4,6.0,10000,0.00020438,0.00020438,1,0.257
rosenbrock,0.001,0.82,0.08,4,6.0,10000,0.00028618,0.00028618,1,0.281
rosenbrock,0.001,0.82,0.12,4,6.0,10000,0.00039755,0.00039755,1,0.261
rosenbrock,0.001,0.82,0.16,4,6.0,10000,0.00054518,0.00054518,1,0.303
rosenbrock,0.001,0.82,0.2,4,6.0,10000,0.00071804,0.00071804,1,0.213
rosenbrock,0.001,0.88,0.0,4,6.0,10000,0.00014038,0.00014038,1,0.245
rosenbrock,0.001,0.88,0.04,4,6.0,10000,0.00019952,0.00019952,1,0.266
rosenbrock,0.001,0.88,0.08,4,6.0,10000,0.00027468,0.00027468,1,0.233
rosenbrock,0.001,0.88,0.12,4,6.0,10000,0.00036859,0.00036859,1,0.219
rosenbrock,0.001,0.88,0.16,4,6.0,10000,0.00049851,0.00049851,1,0.213
rosenbrock,0.001,0.88,0.2,4,6.0,10000,0.00065513,0.00065513,1,0.215
rosenbrock,0.001,0.94,0.0,4,6.0,10000,0.00013996,0.00013996,1,0.221
rosenbrock,0.001,0.94,0.04,4,6.0,10000,0.00019485,0.00019485,1,0.22
rosenbrock,0.001,0.94,0.08,4,6.0,10000,0.00026354,0.00026354,1,0.236
rosenbrock,0.001,0.94,0.12,4,6.0,10000,0.00034836,0.00034836,1,0.215
rosenbrock,0.001,0.94,0.16,4,6.0,10000,0.00046679,0.00046679,1,0.233
rosenbrock,0.001,0.94,0.2,4,6.0,10000,0.00058577,0.00058577,1,0.21
rosenbrock,0.001,1.0,0.0,4,6.0,10000,0.0001396,0.0001396,1,0.24
rosenbrock,0.001,1.0,0.04,4,6.0,10000,0.00019026,0.00019026,1,0.202
rosenbrock,0.001,1.0,0.08,4,6.0,10000,0.00025453,0.00025453,1,0.206
rosenbrock,0.001,1.0,0.12,4,6.0,10000,0.00033398,0.00033398,1,0.199
rosenbrock,0.001,1.0,0.16,4,6.0,10000,0.00043813,0.00043813,1,0.2
rosenbrock,0.001,1.0,0.2,4,6.0,10000,0.00055906,0.00055906,1,0.211
rastrigin,0.001,0.7,0.0,4,4.0,10000,17.90920248,17.90920248,0,0.171
rastrigin,0.001,0.7,0.04,4,4.0,10000,17.90920248,17.90920248,0,0.211
rastrigin,0.001,0.7,0.08,4,4.0,10000,17.90920248,17.90920248,0,0.186
rastrigin,0.001,0.7,0.12,4,4.0,10000,17.90920248,17.90920248,0,0.191
rastrigin,0.001,0.7,0.16,4,4.0,10000,17.90920248,17.90920248,0,0.162
rastrigin,0.001,0.7,0.2,4,4.0,10000,17.90920248,17.90920248,0,0.166
rastrigin,0.001,0.76,0.0,4,4.0,10000,17.90920248,17.90920248,0,0.22
rastrigin,0.001,0.76,0.04,4,4.0,10000,17.90920248,17.90920248,0,0.199
rastrigin,0.001,0.76,0.08,4,4.0,10000,17.90920248,17.90920248,0,0.197
rastrigin,0.001,0.76,0.12,4,4.0,10000,17.90920248,17.90920248,0,0.195
rastrigin,0.001,0.76,0.16,4,4.0,10000,17.90920248,17.90920248,0,0.243
rastrigin,0.001,0.76,0.2,4,4.0,10000,17.90920248,17.90920248,0,0.185
rastrigin,0.001,0.82,0.0,4,4.0,10000,17.90920248,17.90920248,0,0.194
rastrigin,0.001,0.82,0.04,4,4.0,10000,17.90920248,17.90920248,0,0.175
rastrigin,0.001,0.82,0.08,4,4.0,10000,17.90920248,17.90920248,0,0.221
rastrigin,0.001,0.82,0.12,4,4.0,10000,17.90920248,17.90920248,0,0.229
rastrigin,0.001,0.82,0.16,4,4.0,10000,17.90920248,17.90920248,0,0.23
rastrigin,0.001,0.82,0.2,4,4.0,10000,17.90920248,17.90920248,0,0.192
rastrigin,0.001,0.88,0.0,4,4.0,10000,17.90920248,17.90920248,0,0.22
rastrigin,0.001,0.88,0.04,4,4.0,10000,17.90920248,17.90920248,0,0.163
rastrigin,0.001,0.88,0.08,4,4.0,10000,17.90920248,17.90920248,0,0.186
rastrigin,0.001,0.88,0.12,4,4.0,10000,17.90920248,17.90920248,0,0.197
rastrigin,0.001,0.88,0.16,4,4.0,10000,17.90920248,17.90920248,0,0.179
rastrigin,0.001,0.88,0.2,4,4.0,10000,17.90920248,17.90920248,0,0.191
rastrigin,0.001,0.94,0.0,4,4.0,10000,17.90920248,17.90920248,0,0.172
rastrigin,0.001,0.94,0.04,4,4.0,10000,17.90920248,17.90920248,0,0.192
rastrigin,0.001,0.94,0.08,4,4.0,10000,17.90920248,17.90920248,0,0.172
rastrigin,0.001,0.94,0.12,4,4.0,10000,17.90920248,17.90920248,0,0.18
rastrigin,0.001,0.94,0.16,4,4.0,10000,17.90920248,17.90920248,0,0.157
rastrigin,0.001,0.94,0.2,4,4.0,10000,17.90920248,17.90920248,0,0.19
rastrigin,0.001,1.0,0.0,4,4.0,10000,17.90920248,17.90920248,0,0.17
rastrigin,0.001,1.0,0.04,4,4.0,10000,17.90920248,17.90920248,0,0.199
rastrigin,0.001,1.0,0.08,4,4.0,10000,17.90920248,17.90920248,0,0.189
rastrigin,0.001,1.0,0.12,4,4.0,10000,17.90920248,17.90920248,0,0.177
rastrigin,0.001,1.0,0.16,4,4.0,10000,17.90920248,17.90920248,0,0.182
rastrigin,0.001,1.0,0.2,4,4.0,10000,17.90920248,17.90920248,0,0.187
rastrigin,0.001,0.7,0.0,4,4.5,10000,17.90920248,17.90920248,0,0.167
rastrigin,0.001,0.7,0.04,4,4.5,10000,17.90920248,17.90920248,0,0.176
rastrigin,0.001,0.7,0.08,4,4.5,10000,17.90920248,17.90920248,0,0.165
rastrigin,0.001,0.7,0.12,4,4.5,10000,17.90920248,17.90920248,0,0.184
rastrigin,0.001,0.7,0.16,4,4.5,10000,17.90920248,17.90920248,0,0.18
rastrigin,0.001,0.7,0.2,4,4.5,10000,17.90920248,17.90920248,0,0.218
rastrigin,0.001,0.76,0.0,4,4.5,10000,17.90920248,17.90920248,0,0.229
rastrigin,0.001,0.76,0.04,4,4.5,10000,17.90920248,17.90920248,0,0.207
rastrigin,0.001,0.76,0.08,4,4.5,10000,17.90920248,17.90920248,0,0.225
rastrigin,0.001,0.76,0.12,4,4.5,10000,17.90920248,17.90920248,0,0.243
rastrigin,0.001,0.76,0.16,4,4.5,10000,17.90920248,17.90920248,0,0.201
rastrigin,0.001,0.76,0.2,4,4.5,10000,17.90920248,17.90920248,0,0.223
rastrigin,0.001,0.82,0.0,4,4.5,10000,17.90920248,17.90920248,0,0.178
rastrigin,0.001,0.82,0.04,4,4.5,10000,17.90920248,17.90920248,0,0.167
rastrigin,0.001,0.82,0.08,4,4.5,10000,17.90920248,17.90920248,0,0.236
rastrigin,0.001,0.82,0.12,4,4.5,10000,17.90920248,17.90920248,0,0.214
rastrigin,0.001,0.82,0.16,4,4.5,10000,17.90920248,17.90920248,0,0.163
rastrigin,0.001,0.82,0.2,4,4.5,10000,17.90920248,17.90920248,0,0.218
rastrigin,0.001,0.88,0.0,4,4.5,10000,17.90920248,17.90920248,0,0.255
rastrigin,0.001,0.88,0.04,4,4.5,10000,17.90920248,17.90920248,0,0.214
rastrigin,0.001,0.88,0.08,4,4.5,10000,17.90920248,17.90920248,0,0.21
rastrigin,0.001,0.88,0.12,4,4.5,10000,17.90920248,17.90920248,0,0.222
rastrigin,0.001,0.88,0.16,4,4.5,10000,17.90920248,17.90920248,0,0.217
rastrigin,0.001,0.88,0.2,4,4.5,10000,17.90920248,17.90920248,0,0.227
rastrigin,0.001,0.94,0.0,4,4.5,10000,17.90920248,17.90920248,0,0.247
rastrigin,0.001,0.94,0.04,4,4.5,10000,17.90920248,17.90920248,0,0.193
rastrigin,0.001,0.94,0.08,4,4.5,10000,17.90920248,17.90920248,0,0.185
rastrigin,0.001,0.94,0.12,4,4.5,10000,17.90920248,17.90920248,0,0.216
rastrigin,0.001,0.94,0.16,4,4.5,10000,17.90920248,17.90920248,0,0.167
rastrigin,0.001,0.94,0.2,4,4.5,10000,17.90920248,17.90920248,0,0.156
rastrigin,0.001,1.0,0.0,4,4.5,10000,17.90920248,17.90920248,0,0.179
rastrigin,0.001,1.0,0.04,4,4.5,10000,17.90920248,17.90920248,0,0.161
rastrigin,0.001,1.0,0.08,4,4.5,10000,17.90920248,17.90920248,0,0.191
rastrigin,0.001,1.0,0.12,4,4.5,10000,17.90920248,17.90920248,0,0.177
rastrigin,0.001,1.0,0.16,4,4.5,10000,17.90920248,17.90920248,0,0.175
rastrigin,0.001,1.0,0.2,4,4.5,10000,17.90920248,17.90920248,0,0.205
rastrigin,0.001,0.7,0.0,4,5.0,10000,17.90920248,17.90920248,0,0.154
rastrigin,0.001,0.7,0.04,4,5.0,10000,17.90920248,17.90920248,0,0.198
rastrigin,0.001,0.7,0.08,4,5.0,10000,17.90920248,17.90920248,0,0.236
rastrigin,0.001,0.7,0.12,4,5.0,10000,17.90920248,17.90920248,0,0.19
rastrigin,0.001,0.7,0.16,4,5.0,10000,17.90920248,17.90920248,0,0.167
rastrigin,0.001,0.7,0.2,4,5.0,10000,17.90920248,17.90920248,0,0.177
rastrigin,0.001,0.76,0.0,4,5.0,10000,17.90920248,17.90920248,0,0.17
rastrigin,0.001,0.76,0.04,4,5.0,10000,17.90920248,17.90920248,0,0.189
rastrigin,0.001,0.76,0.08,4,5.0,10000,17.90920248,17.90920248,0,0.191
rastrigin,0.001,0.76,0.12,4,5.0,10000,17.90920248,17.90920248,0,0.188
rastrigin,0.001,0.76,0.16,4,5.0,10000,17.90920248,17.90920248,0,0.224
rastrigin,0.001,0.76,0.2,4,5.0,10000,17.90920248,17.90920248,0,0.175
rastrigin,0.001,0.82,0.0,4,5.0,10000,17.90920248,17.90920248,0,0.177
rastrigin,0.001,0.82,0.04,4,5.0,10000,17.90920248,17.90920248,0,0.183
rastrigin,0.001,0.82,0.08,4,5.0,10000,17.90920248,17.90920248,0,0.168
rastrigin,0.001,0.82,0.12,4,5.0,10000,17.90920248,17.90920248,0,0.171
rastrigin,0.001,0.82,0.16,4,5.0,10000,17.90920248,17.90920248,0,0.156
rastrigin,0.001,0.82,0.2,4,5.0,10000,17.90920248,17.90920248,0,0.178
rastrigin,0.001,0.88,0.0,4,5.0,10000,17.90920248,17.90920248,0,0.2
rastrigin,0.001,0.88,0.04,4,5.0,10000,17.90920248,17.90920248,0,0.151
rastrigin,0.001,0.88,0.08,4,5.0,10000,17.90920248,17.90920248,0,0.174
rastrigin,0.001,0.88,0.12,4,5.0,10000,17.90920248,17.90920248,0,0.173
rastrigin,0.001,0.88,0.16,4,5.0,10000,17.90920248,17.90920248,0,0.18
rastrigin,0.001,0.88,0.2,4,5.0,10000,17.90920248,17.90920248,0,0.171
rastrigin,0.001,0.94,0.0,4,5.0,10000,17.90920248,17.90920248,0,0.165
rastrigin,0.001,0.94,0.04,4,5.0,10000,17.90920248,17.90920248,0,0.161
rastrigin,0.001,0.94,0.08,4,5.0,10000,17.90920248,17.90920248,0,0.157
rastrigin,0.001,0.94,0.12,4,5.0,10000,17.90920248,17.90920248,0,0.181
rastrigin,0.001,0.94,0.16,4,5.0,10000,17.90920248,17.90920248,0,0.157
rastrigin,0.001,0.94,0.2,4,5.0,10000,17.90920248,17.90920248,0,0.182
rastrigin,0.001,1.0,0.0,4,5.0,10000,17.90920248,17.90920248,0,0.156
rastrigin,0.001,1.0,0.04,4,5.0,10000,17.90920248,17.90920248,0,0.158
rastrigin,0.001,1.0,0.08,4,5.0,10000,17.90920248,17.90920248,0,0.178
rastrigin,0.001,1.0,0.12,4,5.0,10000,17.90920248,17.90920248,0,0.158
rastrigin,0.001,1.0,0.16,4,5.0,10000,17.90920248,17.90920248,0,0.184
rastrigin,0.001,1.0,0.2,4,5.0,10000,17.90920248,17.90920248,0,0.195
rastrigin,0.001,0.7,0.0,4,5.5,10000,17.90920248,17.90920248,0,0.183
rastrigin,0.001,0.7,0.04,4,5.5,10000,17.90920248,17.90920248,0,0.186
rastrigin,0.001,0.7,0.08,4,5.5,10000,17.90920248,17.90920248,0,0.196
rastrigin,0.001,0.7,0.12,4,5.5,10000,17.90920248,17.90920248,0,0.184
rastrigin,0.001,0.7,0.16,4,5.5,10000,17.90920248,17.90920248,0,0.17
rastrigin,0.001,0.7,0.2,4,5.5,10000,17.90920248,17.90920248,0,0.191
rastrigin,0.001,0.76,0.0,4,5.5,10000,17.90920248,17.90920248,0,0.168
rastrigin,0.001,0.76,0.04,4,5.5,10000,17.90920248,17.90920248,0,0.17
rastrigin,0.001,0.76,0.08,4,5.5,10000,17.90920248,17.90920248,0,0.182
rastrigin,0.001,0.76,0.12,4,5.5,10000,17.90920248,17.90920248,0,0.173
rastrigin,0.001,0.76,0.16,4,5.5,10000,17.90920248,17.90920248,0,0.203
rastrigin,0.001,0.76,0.2,4,5.5,10000,17.90920248,17.90920248,0,0.173
rastrigin,0.001,0.82,0.0,4,5.5,10000,17.90920248,17.90920248,0,0.196
rastrigin,0.001,0.82,0.04,4,5.5,10000,17.90920248,17.90920248,0,0.166
rastrigin,0.001,0.82,0.08,4,5.5,10000,17.90920248,17.90920248,0,0.228
rastrigin,0.001,0.82,0.12,4,5.5,10000,17.90920248,17.90920248,0,0.199
rastrigin,0.001,0.82,0.16,4,5.5,10000,17.90920248,17.90920248,0,0.183
rastrigin,0.001,0.82,0.2,4,5.5,10000,17.90920248,17.90920248,0,0.181
rastrigin,0.001,0.88,0.0,4,5.5,10000,17.90920248,17.90920248,0,0.159
rastrigin,0.001,0.88,0.04,4,5.5,10000,17.90920248,17.90920248,0,0.182
rastrigin,0.001,0.88,0.08,4,5.5,10000,17.90920248,17.90920248,0,0.176
rastrigin,0.001,0.88,0.12,4,5.5,10000,17.90920248,17.90920248,0,0.187
rastrigin,0.001,0.88,0.16,4,5.5,10000,17.90920248,17.90920248,0,0.156
rastrigin,0.001,0.88,0.2,4,5.5,10000,17.90920248,17.90920248,0,0.156
rastrigin,0.001,0.94,0.0,4,5.5,10000,17.90920248,17.90920248,0,0.183
rastrigin,0.001,0.94,0.04,4,5.5,10000,17.90920248,17.90920248,0,0.166
rastrigin,0.001,0.94,0.08,4,5.5,10000,17.90920248,17.90920248,0,0.208
rastrigin,0.001,0.94,0.12,4,5.5,10000,17.90920248,17.90920248,0,0.157
rastrigin,0.001,0.94,0.16,4,5.5,10000,17.90920248,17.90920248,0,0.178
rastrigin,0.001,0.94,0.2,4,5.5,10000,17.90920248,17.90920248,0,0.178
rastrigin,0.001,1.0,0.0,4,5.5,10000,17.90920248,17.90920248,0,0.205
rastrigin,0.001,1.0,0.04,4,5.5,10000,17.90920248,17.90920248,0,0.204
rastrigin,0.001,1.0,0.08,4,5.5,10000,17.90920248,17.90920248,0,0.206
rastrigin,0.001,1.0,0.12,4,5.5,10000,17.90920248,17.90920248,0,0.205
rastrigin,0.001,1.0,0.16,4,5.5,10000,17.90920248,17.90920248,0,0.171
rastrigin,0.001,1.0,0.2,4,5.5,10000,17.90920248,17.90920248,0,0.186
rastrigin,0.001,0.7,0.0,4,6.0,10000,17.90920248,17.90920248,0,0.163
rastrigin,0.001,0.7,0.04,4,6.0,10000,17.90920248,17.90920248,0,0.217
rastrigin,0.001,0.7,0.08,4,6.0,10000,17.90920248,17.90920248,0,0.167
rastrigin,0.001,0.7,0.12,4,6.0,10000,17.90920248,17.90920248,0,0.163
rastrigin,0.001,0.7,0.16,4,6.0,10000,17.90920248,17.90920248,0,0.2
rastrigin,0.001,0.7,0.2,4,6.0,10000,17.90920248,17.90920248,0,0.164
rastrigin,0.001,0.76,0.0,4,6.0,10000,17.90920248,17.90920248,0,0.254
rastrigin,0.001,0.76,0.04,4,6.0,10000,17.90920248,17.90920248,0,0.206
rastrigin,0.001,0.76,0.08,4,6.0,10000,17.90920248,17.90920248,0,0.196
rastrigin,0.001,0.76,0.12,4,6.0,10000,17.90920248,17.90920248,0,0.178
rastrigin,0.001,0.76,0.16,4,6.0,10000,17.90920248,17.90920248,0,0.173
rastrigin,0.001,0.76,0.2,4,6.0,10000,17.90920248,17.90920248,0,0.177
rastrigin,0.001,0.82,0.0,4,6.0,10000,17.90920248,17.90920248,0,0.246
rastrigin,0.001,0.82,0.04,4,6.0,10000,17.90920248,17.90920248,0,0.309
rastrigin,0.001,0.82,0.08,4,6.0,10000,17.90920248,17.90920248,0,0.238
rastrigin,0.001,0.82,0.12,4,6.0,10000,17.90920248,17.90920248,0,0.191
rastrigin,0.001,0.82,0.16,4,6.0,10000,17.90920248,17.90920248,0,0.214
rastrigin,0.001,0.82,0.2,4,6.0,10000,17.90920248,17.90920248,0,0.166
rastrigin,0.001,0.88,0.0,4,6.0,10000,17.90920248,17.90920248,0,0.167
rastrigin,0.001,0.88,0.04,4,6.0,10000,17.90920248,17.90920248,0,0.174
rastrigin,0.001,0.88,0.08,4,6.0,10000,17.90920248,17.90920248,0,0.167
rastrigin,0.001,0.88,0.12,4,6.0,10000,17.90920248,17.90920248,0,0.191
rastrigin,0.001,0.88,0.16,4,6.0,10000,17.90920248,17.90920248,0,0.161
rastrigin,0.001,0.88,0.2,4,6.0,10000,17.90920248,17.90920248,0,0.164
rastrigin,0.001,0.94,0.0,4,6.0,10000,17.90920248,17.90920248,0,0.163
rastrigin,0.001,0.94,0.04,4,6.0,10000,17.90920248,17.90920248,0,0.155
rastrigin,0.001,0.94,0.08,4,6.0,10000,17.90920248,17.90920248,0,0.185
rastrigin,0.001,0.94,0.12,4,6.0,10000,17.90920248,17.90920248,0,0.155
rastrigin,0.001,0.94,0.16,4,6.0,10000,17.90920248,17.90920248,0,0.181
rastrigin,0.001,0.94,0.2,4,6.0,10000,17.90920248,17.90920248,0,0.154
rastrigin,0.001,1.0,0.0,4,6.0,10000,17.90920248,17.90920248,0,0.162
rastrigin,0.001,1.0,0.04,4,6.0,10000,17.90920248,17.90920248,0,0.176
rastrigin,0.001,1.0,0.08,4,6.0,10000,17.90920248,17.90920248,0,0.157
rastrigin,0.001,1.0,0.12,4,6.0,10000,17.90920248,17.90920248,0,0.153
rastrigin,0.001,1.0,0.16,4,6.0,10000,17.90920248,17.90920248,0,0.179
rastrigin,0.001,1.0,0.2,4,6.0,10000,17.90920248,17.90920248,0,0.159
himmelblau,0.001,0.7,0.0,4,4.0,10000,0.0,0.0,1,0.234
himmelblau,0.001,0.7,0.04,4,4.0,10000,0.0,0.0,1,0.214
himmelblau,0.001,0.7,0.08,4,4.0,10000,0.0,0.0,1,0.235
himmelblau,0.001,0.7,0.12,4,4.0,10000,0.0,0.0,1,0.227
himmelblau,0.001,0.7,0.16,4,4.0,10000,0.0,0.0,1,0.216
himmelblau,0.001,0.7,0.2,4,4.0,10000,0.0,0.0,1,0.216
himmelblau,0.001,0.76,0.0,4,4.0,10000,0.0,0.0,1,0.238
himmelblau,0.001,0.76,0.04,4,4.0,10000,0.0,0.0,1,0.221
himmelblau,0.001,0.76,0.08,4,4.0,10000,0.0,0.0,1,0.227
himmelblau,0.001,0.76,0.12,4,4.0,10000,0.0,0.0,1,0.224
himmelblau,0.001,0.76,0.16,4,4.0,10000,0.0,0.0,1,0.213
himmelblau,0.001,0.76,0.2,4,4.0,10000,0.0,0.0,1,0.231
himmelblau,0.001,0.82,0.0,4,4.0,10000,0.0,0.0,1,0.23
himmelblau,0.001,0.82,0.04,4,4.0,10000,0.0,0.0,1,0.233
himmelblau,0.001,0.82,0.08,4,4.0,10000,0.0,0.0,1,0.215
himmelblau,0.001,0.82,0.12,4,4.0,10000,0.0,0.0,1,0.24
himmelblau,0.001,0.82,0.16,4,4.0,10000,0.0,0.0,1,0.227
himmelblau,0.001,0.82,0.2,4,4.0,10000,0.0,0.0,1,0.23
himmelblau,0.001,0.88,0.0,4,4.0,10000,0.0,0.0,1,0.222
himmelblau,0.001,0.88,0.04,4,4.0,10000,0.0,0.0,1,0.237
himmelblau,0.001,0.88,0.08,4,4.0,10000,0.0,0.0,1,0.208
himmelblau,0.001,0.88,0.12,4,4.0,10000,0.0,0.0,1,0.231
himmelblau,0.001,0.88,0.16,4,4.0,10000,0.0,0.0,1,0.21
himmelblau,0.001,0.88,0.2,4,4.0,10000,0.0,0.0,1,0.234
himmelblau,0.001,0.94,0.0,4,4.0,10000,0.0,0.0,1,0.276
himmelblau,0.001,0.94,0.04,4,4.0,10000,0.0,0.0,1,0.251
himmelblau,0.001,0.94,0.08,4,4.0,10000,0.0,0.0,1,0.208
himmelblau,0.001,0.94,0.12,4,4.0,10000,0.0,0.0,1,0.239
himmelblau,0.001,0.94,0.16,4,4.0,10000,0.0,0.0,1,0.231
himmelblau,0.001,0.94,0.2,4,4.0,10000,0.0,0.0,1,0.298
himmelblau,0.001,1.0,0.0,4,4.0,10000,0.0,0.0,1,0.234
himmelblau,0.001,1.0,0.04,4,4.0,10000,0.0,0.0,1,0.229
himmelblau,0.001,1.0,0.08,4,4.0,10000,0.0,0.0,1,0.224
himmelblau,0.001,1.0,0.12,4,4.0,10000,0.0,0.0,1,0.223
himmelblau,0.001,1.0,0.16,4,4.0,10000,0.0,0.0,1,0.275
himmelblau,0.001,1.0,0.2,4,4.0,10000,0.0,0.0,1,0.288
himmelblau,0.001,0.7,0.0,4,4.5,10000,0.0,0.0,1,0.267
himmelblau,0.001,0.7,0.04,4,4.5,10000,0.0,0.0,1,0.26
himmelblau,0.001,0.7,0.08,4,4.5,10000,0.0,0.0,1,0.223
himmelblau,0.001,0.7,0.12,4,4.5,10000,0.0,0.0,1,0.235
himmelblau,0.001,0.7,0.16,4,4.5,10000,0.0,0.0,1,0.215
himmelblau,0.001,0.7,0.2,4,4.5,10000,0.0,0.0,1,0.23
himmelblau,0.001,0.76,0.0,4,4.5,10000,0.0,0.0,1,0.233
himmelblau,0.001,0.76,0.04,4,4.5,10000,0.0,0.0,1,0.24
himmelblau,0.001,0.76,0.08,4,4.5,10000,0.0,0.0,1,0.218
himmelblau,0.001,0.76,0.12,4,4.5,10000,0.0,0.0,1,0.211
himmelblau,0.001,0.76,0.16,4,4.5,10000,0.0,0.0,1,0.228
himmelblau,0.001,0.76,0.2,4,4.5,10000,0.0,0.0,1,0.215
himmelblau,0.001,0.82,0.0,4,4.5,10000,0.0,0.0,1,0.231
himmelblau,0.001,0.82,0.04,4,4.5,10000,0.0,0.0,1,0.209
himmelblau,0.001,0.82,0.08,4,4.5,10000,0.0,0.0,1,0.238
himmelblau,0.001,0.82,0.12,4,4.5,10000,0.0,0.0,1,0.211
himmelblau,0.001,0.82,0.16,4,4.5,10000,0.0,0.0,1,0.254
himmelblau,0.001,0.82,0.2,4,4.5,10000,0.0,0.0,1,0.198
himmelblau,0.001,0.88,0.0,4,4.5,10000,0.0,0.0,1,0.239
himmelblau,0.001,0.88,0.04,4,4.5,10000,0.0,0.0,1,0.216
himmelblau,0.001,0.88,0.08,4,4.5,10000,0.0,0.0,1,0.243
himmelblau,0.001,0.88,0.12,4,4.5,10000,0.0,0.0,1,0.224
himmelblau,0.001,0.88,0.16,4,4.5,10000,0.0,0.0,1,0.23
himmelblau,0.001,0.88,0.2,4,4.5,10000,0.0,0.0,1,0.223
himmelblau,0.001,0.94,0.0,4,4.5,10000,0.0,0.0,1,0.24
himmelblau,0.001,0.94,0.04,4,4.5,10000,0.0,0.0,1,0.213
himmelblau,0.001,0.94,0.08,4,4.5,10000,0.0,0.0,1,0.233
himmelblau,0.001,0.94,0.12,4,4.5,10000,0.0,0.0,1,0.209
himmelblau,0.001,0.94,0.16,4,4.5,10000,0.0,0.0,1,0.229
himmelblau,0.001,0.94,0.2,4,4.5,10000,0.0,0.0,1,0.217
himmelblau,0.001,1.0,0.0,4,4.5,10000,0.0,0.0,1,0.218
himmelblau,0.001,1.0,0.04,4,4.5,10000,0.0,0.0,1,0.23
himmelblau,0.001,1.0,0.08,4,4.5,10000,0.0,0.0,1,0.212
himmelblau,0.001,1.0,0.12,4,4.5,10000,0.0,0.0,1,0.244
himmelblau,0.001,1.0,0.16,4,4.5,10000,0.0,0.0,1,0.212
himmelblau,0.001,1.0,0.2,4,4.5,10000,0.0,0.0,1,0.237
himmelblau,0.001,0.7,0.0,4,5.0,10000,0.0,0.0,1,0.212
himmelblau,0.001,0.7,0.04,4,5.0,10000,0.0,0.0,1,0.231
himmelblau,0.001,0.7,0.08,4,5.0,10000,0.0,0.0,1,0.222
himmelblau,0.001,0.7,0.12,4,5.0,10000,0.0,0.0,1,0.231
himmelblau,0.001,0.7,0.16,4,5.0,10000,0.0,0.0,1,0.22
himmelblau,0.001,0.7,0.2,4,5.0,10000,0.0,0.0,1,0.24
himmelblau,0.001,0.76,0.0,4,5.0,10000,0.0,0.0,1,0.221
himmelblau,0.001,0.76,0.04,4,5.0,10000,0.0,0.0,1,0.238
himmelblau,0.001,0.76,0.08,4,5.0,10000,0.0,0.0,1,0.214
himmelblau,0.001,0.76,0.12,4,5.0,10000,0.0,0.0,1,0.219
himmelblau,0.001,0.76,0.16,4,5.0,10000,0.0,0.0,1,0.22
himmelblau,0.001,0.76,0.2,4,5.0,10000,0.0,0.0,1,0.229
himmelblau,0.001,0.82,0.0,4,5.0,10000,0.0,0.0,1,0.244
himmelblau,0.001,0.82,0.04,4,5.0,10000,0.0,0.0,1,0.278
himmelblau,0.001,0.82,0.08,4,5.0,10000,0.0,0.0,1,0.244
himmelblau,0.001,0.82,0.12,4,5.0,10000,0.0,0.0,1,0.245
himmelblau,0.001,0.82,0.16,4,5.0,10000,0.0,0.0,1,0.213
himmelblau,0.001,0.82,0.2,4,5.0,10000,0.0,0.0,1,0.215
himmelblau,0.001,0.88,0.0,4,5.0,10000,0.0,0.0,1,0.232
himmelblau,0.001,0.88,0.04,4,5.0,10000,0.0,0.0,1,0.287
himmelblau,0.001,0.88,0.08,4,5.0,10000,0.0,0.0,1,0.237
himmelblau,0.001,0.88,0.12,4,5.0,10000,0.0,0.0,1,0.228
himmelblau,0.001,0.88,0.16,4,5.0,10000,0.0,0.0,1,0.226
himmelblau,0.001,0.88,0.2,4,5.0,10000,0.0,0.0,1,0.225
himmelblau,0.001,0.94,0.0,4,5.0,10000,0.0,0.0,1,0.229
himmelblau,0.001,0.94,0.04,4,5.0,10000,0.0,0.0,1,0.235
himmelblau,0.001,0.94,0.08,4,5.0,10000,0.0,0.0,1,0.254
himmelblau,0.001,0.94,0.12,4,5.0,10000,0.0,0.0,1,0.215
himmelblau,0.001,0.94,0.16,4,5.0,10000,0.0,0.0,1,0.248
himmelblau,0.001,0.94,0.2,4,5.0,10000,0.0,0.0,1,0.213
himmelblau,0.001,1.0,0.0,4,5.0,10000,0.0,0.0,1,0.229
himmelblau,0.001,1.0,0.04,4,5.0,10000,0.0,0.0,1,0.208
himmelblau,0.001,1.0,0.08,4,5.0,10000,0.0,0.0,1,0.236
himmelblau,0.001,1.0,0.12,4,5.0,10000,0.0,0.0,1,0.213
himmelblau,0.001,1.0,0.16,4,5.0,10000,0.0,0.0,1,0.247
himmelblau,0.001,1.0,0.2,4,5.0,10000,0.0,0.0,1,0.222
himmelblau,0.001,0.7,0.0,4,5.5,10000,0.0,0.0,1,0.227
himmelblau,0.001,0.7,0.04,4,5.5,10000,0.0,0.0,1,0.229
himmelblau,0.001,0.7,0.08,4,5.5,10000,0.0,0.0,1,0.232
himmelblau,0.001,0.7,0.12,4,5.5,10000,0.0,0.0,1,0.227
himmelblau,0.001,0.7,0.16,4,5.5,10000,0.0,0.0,1,0.21
himmelblau,0.001,0.7,0.2,4,5.5,10000,0.0,0.0,1,0.228
himmelblau,0.001,0.76,0.0,4,5.5,10000,0.0,0.0,1,0.219
himmelblau,0.001,0.76,0.04,4,5.5,10000,0.0,0.0,1,0.222
himmelblau,0.001,0.76,0.08,4,5.5,10000,0.0,0.0,1,0.212
himmelblau,0.001,0.76,0.12,4,5.5,10000,0.0,0.0,1,0.251
himmelblau,0.001,0.76,0.16,4,5.5,10000,0.0,0.0,1,0.21
himmelblau,0.001,0.76,0.2,4,5.5,10000,0.0,0.0,1,0.236
himmelblau,0.001,0.82,0.0,4,5.5,10000,0.0,0.0,1,0.22
himmelblau,0.001,0.82,0.04,4,5.5,10000,0.0,0.0,1,0.237
himmelblau,0.001,0.82,0.08,4,5.5,10000,0.0,0.0,1,0.223
himmelblau,0.001,0.82,0.12,4,5.5,10000,0.0,0.0,1,0.237
himmelblau,0.001,0.82,0.16,4,5.5,10000,0.0,0.0,1,0.213
himmelblau,0.001,0.82,0.2,4,5.5,10000,0.0,0.0,1,0.238
himmelblau,0.001,0.88,0.0,4,5.5,10000,0.0,0.0,1,0.229
himmelblau,0.001,0.88,0.04,4,5.5,10000,0.0,0.0,1,0.239
himmelblau,0.001,0.88,0.08,4,5.5,10000,0.0,0.0,1,0.22
himmelblau,0.001,0.88,0.12,4,5.5,10000,0.0,0.0,1,0.205
himmelblau,0.001,0.88,0.16,4,5.5,10000,0.0,0.0,1,0.234
himmelblau,0.001,0.88,0.2,4,5.5,10000,0.0,0.0,1,0.24
himmelblau,0.001,0.94,0.0,4,5.5,10000,0.0,0.0,1,0.227
himmelblau,0.001,0.94,0.04,4,5.5,10000,0.0,0.0,1,0.219
himmelblau,0.001,0.94,0.08,4,5.5,10000,0.0,0.0,1,0.226
himmelblau,0.001,0.94,0.12,4,5.5,10000,0.0,0.0,1,0.212
himmelblau,0.001,0.94,0.16,4,5.5,10000,0.0,0.0,1,0.248
himmelblau,0.001,0.94,0.2,4,5.5,10000,0.0,0.0,1,0.221
himmelblau,0.001,1.0,0.0,4,5.5,10000,0.0,0.0,1,0.246
himmelblau,0.001,1.0,0.04,4,5.5,10000,0.0,0.0,1,0.227
himmelblau,0.001,1.0,0.08,4,5.5,10000,0.0,0.0,1,0.25
himmelblau,0.001,1.0,0.12,4,5.5,10000,0.0,0.0,1,0.216
himmelblau,0.001,1.0,0.16,4,5.5,10000,0.0,0.0,1,0.262
himmelblau,0.001,1.0,0.2,4,5.5,10000,0.0,0.0,1,0.236
himmelblau,0.001,0.7,0.0,4,6.0,10000,0.0,0.0,1,0.24
himmelblau,0.001,0.7,0.04,4,6.0,10000,0.0,0.0,1,0.229
himmelblau,0.001,0.7,0.08,4,6.0,10000,0.0,0.0,1,0.268
himmelblau,0.001,0.7,0.12,4,6.0,10000,0.0,0.0,1,0.253
himmelblau,0.001,0.7,0.16,4,6.0,10000,0.0,0.0,1,0.246
himmelblau,0.001,0.7,0.2,4,6.0,10000,0.0,0.0,1,0.216
himmelblau,0.001,0.76,0.0,4,6.0,10000,0.0,0.0,1,0.232
himmelblau,0.001,0.76,0.04,4,6.0,10000,0.0,0.0,1,0.256
himmelblau,0.001,0.76,0.08,4,6.0,10000,0.0,0.0,1,0.298
himmelblau,0.001,0.76,0.12,4,6.0,10000,0.0,0.0,1,0.27
himmelblau,0.001,0.76,0.16,4,6.0,10000,0.0,0.0,1,0.268
himmelblau,0.001,0.76,0.2,4,6.0,10000,0.0,0.0,1,0.245
himmelblau,0.001,0.82,0.0,4,6.0,10000,0.0,0.0,1,0.263
himmelblau,0.001,0.82,0.04,4,6.0,10000,0.0,0.0,1,0.299
himmelblau,0.001,0.82,0.08,4,6.0,10000,0.0,0.0,1,0.257
himmelblau,0.001,0.82,0.12,4,6.0,10000,0.0,0.0,1,0.263
himmelblau,0.001,0.82,0.16,4,6.0,10000,0.0,0.0,1,0.248
himmelblau,0.001,0.82,0.2,4,6.0,10000,0.0,0.0,1,0.265
himmelblau,0.001,0.88,0.0,4,6.0,10000,0.0,0.0,1,0.246
himmelblau,0.001,0.88,0.04,4,6.0,10000,0.0,0.0,1,0.256
himmelblau,0.001,0.88,0.08,4,6.0,10000,0.0,0.0,1,0.254
himmelblau,0.001,0.88,0.12,4,6.0,10000,0.0,0.0,1,0.268
himmelblau,0.001,0.88,0.16,4,6.0,10000,0.0,0.0,1,0.264
himmelblau,0.001,0.88,0.2,4,6.0,10000,0.0,0.0,1,0.273
himmelblau,0.001,0.94,0.0,4,6.0,10000,0.0,0.0,1,0.257
himmelblau,0.001,0.94,0.04,4,6.0,10000,0.0,0.0,1,0.274
himmelblau,0.001,0.94,0.08,4,6.0,10000,0.0,0.0,1,0.279
himmelblau,0.001,0.94,0.12,4,6.0,10000,0.0,0.0,1,0.253
himmelblau,0.001,0.94,0.16,4,6.0,10000,0.0,0.0,1,0.264
himmelblau,0.001,0.94,0.2,4,6.0,10000,0.0,0.0,1,0.241
himmelblau,0.001,1.0,0.0,4,6.0,10000,0.0,0.0,1,0.26
himmelblau,0.001,1.0,0.04,4,6.0,10000,0.0,0.0,1,0.256
himmelblau,0.001,1.0,0.08,4,6.0,10000,0.0,0.0,1,0.263
himmelblau,0.001,1.0,0.12,4,6.0,10000,0.0,0.0,1,0.249
himmelblau,0.001,1.0,0.16,4,6.0,10000,0.0,0.0,1,0.235
himmelblau,0.001,1.0,0.2,4,6.0,10000,0.0,0.0,1,0.218
